oracle,oracle_file_id,oracle_file_name,project,repository_url,start_commit_hash,method,start,end,url,expected_commits,historyFinder_runtime,codeShovel_runtime,codeTracker_runtime,intelliJ_runtime,gitLineRange_runtime,gitFuncName_runtime,historyFinder_precision,codeShovel_precision,codeTracker_precision,intelliJ_precision,gitLineRange_precision,gitFuncName_precision,historyFinder_recall,codeShovel_recall,codeTracker_recall,intelliJ_recall,gitLineRange_recall,gitFuncName_recall,historyFinder_f1,codeShovel_f1,codeTracker_f1,intelliJ_f1,gitLineRange_f1,gitFuncName_f1,historyFinder_commits,codeShovel_commits,codeTracker_commits,intelliJ_commits,gitLineRange_commits,gitFuncName_commits,historyFinder_tp,codeShovel_tp,codeTracker_tp,intelliJ_tp,gitLineRange_tp,gitFuncName_tp,historyFinder_fp,codeShovel_fp,codeTracker_fp,intelliJ_fp,gitLineRange_fp,gitFuncName_fp,historyFinder_fn,codeShovel_fn,codeTracker_fn,intelliJ_fn,gitLineRange_fn,gitFuncName_fn
test method,1001,1001-checkstyle-AstRegressionTest-testInputSealedAndPermits.json,checkstyle,https://github.com/checkstyle/checkstyle.git,1d66837cd4be945795d8936f4d84cc6ff43e2274,testInputSealedAndPermits,216,219,https://github.com/checkstyle/checkstyle/blob/1d66837cd4be945795d8936f4d84cc6ff43e2274/src/test/java/com/puppycrawl/tools/checkstyle/grammar/AstRegressionTest.java#L216,3,982,1252,1325,21,393,265,1.00,1.00,1.00,1.00,1.00,1.00,1.00,1.00,1.00,1.00,1.00,0.00,1.00,1.00,1.00,1.00,1.00,0.00,21,37,3,3,3,0,3,3,3,3,3,0,0,0,0,0,0,0,0,0,0,0,0,3
test method,1002,1002-checkstyle-OuterTypeFilenameCheckTest-testGetRequiredTokens.json,checkstyle,https://github.com/checkstyle/checkstyle.git,1d66837cd4be945795d8936f4d84cc6ff43e2274,testGetRequiredTokens,44,56,https://github.com/checkstyle/checkstyle/blob/1d66837cd4be945795d8936f4d84cc6ff43e2274/src/test/java/com/puppycrawl/tools/checkstyle/checks/OuterTypeFilenameCheckTest.java#L44,8,684,1344,948,0,386,226,1.00,1.00,1.00,1.00,1.00,1.00,1.00,1.00,1.00,1.00,1.00,0.00,1.00,1.00,1.00,1.00,1.00,0.00,48,56,7,8,8,0,8,7,7,8,8,0,0,0,0,0,0,0,0,0,0,0,0,8
test method,1003,1003-checkstyle-SuppressWarningsHolderTest-testGet.json,checkstyle,https://github.com/checkstyle/checkstyle.git,1d66837cd4be945795d8936f4d84cc6ff43e2274,testGet,73,82,https://github.com/checkstyle/checkstyle/blob/1d66837cd4be945795d8936f4d84cc6ff43e2274/src/test/java/com/puppycrawl/tools/checkstyle/checks/SuppressWarningsHolderTest.java#L73,7,928,1582,1148,0,389,223,1.00,1.00,1.00,1.00,1.00,1.00,1.00,1.00,1.00,1.00,1.00,0.00,1.00,1.00,1.00,1.00,1.00,0.00,83,122,7,7,7,0,7,7,7,7,7,0,0,0,0,0,0,0,0,0,0,0,0,7
test method,1004,1004-commons-io-SwappedDataInputStreamTest-testSkipBytes.json,commons-io,https://github.com/apache/commons-io.git,2eb4ff6a65563254689ab6b49f4124aa00bd7391,testSkipBytes,143,146,https://github.com/apache/commons-io/blob/2eb4ff6a65563254689ab6b49f4124aa00bd7391/src/test/java/org/apache/commons/io/input/SwappedDataInputStreamTest.java#L143,6,253,296,209,0,145,137,1.00,1.00,1.00,0.71,0.67,0.67,1.00,1.00,1.00,0.83,0.80,0.80,1.00,1.00,1.00,0.77,0.73,0.73,42,44,5,7,6,6,6,4,5,5,4,4,0,0,0,2,2,2,0,0,0,1,1,1
test method,1005,1005-commons-io-FileUtilsFileNewerTest-testIsFileNewerNoFileReference.json,commons-io,https://github.com/apache/commons-io.git,2eb4ff6a65563254689ab6b49f4124aa00bd7391,testIsFileNewerNoFileReference,166,168,https://github.com/apache/commons-io/blob/2eb4ff6a65563254689ab6b49f4124aa00bd7391/src/test/java/org/apache/commons/io/FileUtilsFileNewerTest.java#L166,14,307,436,287,0,131,126,1.00,1.00,0.50,1.00,1.00,1.00,1.00,1.00,0.11,0.86,0.80,0.80,1.00,1.00,0.18,0.92,0.89,0.89,48,45,2,12,8,8,14,9,1,12,8,8,0,0,1,0,0,0,0,0,8,2,2,2
test method,1006,1006-commons-io-FileUtilsTest-testChecksumOnNullChecksum.json,commons-io,https://github.com/apache/commons-io.git,2eb4ff6a65563254689ab6b49f4124aa00bd7391,testChecksumOnNullChecksum,572,578,https://github.com/apache/commons-io/blob/2eb4ff6a65563254689ab6b49f4124aa00bd7391/src/test/java/org/apache/commons/io/FileUtilsTest.java#L572,11,7038,6204,3484,0,182,174,1.00,1.00,0.75,0.44,0.47,0.50,1.00,1.00,0.27,0.70,0.70,0.73,1.00,1.00,0.40,0.54,0.56,0.59,266,299,4,16,15,16,11,10,3,7,7,8,0,0,1,9,8,8,0,0,8,3,3,3
test method,1007,1007-commons-lang-ArrayUtilsTest-testSwapObjectRange.json,commons-lang,https://github.com/apache/commons-lang.git,7bcb03a49923bc12f7e3f2c04912d0925f178978,testSwapObjectRange,6504,6554,https://github.com/apache/commons-lang/blob/7bcb03a49923bc12f7e3f2c04912d0925f178978/src/test/java/org/apache/commons/lang3/ArrayUtilsTest.java#L6504,10,9700,9308,6330,0,294,279,1.00,1.00,0.86,1.00,0.39,0.39,1.00,1.00,0.86,1.00,0.70,0.70,1.00,1.00,0.86,1.00,0.50,0.50,125,151,7,10,18,18,10,7,6,10,7,7,0,0,1,0,11,11,0,0,1,0,3,3
test method,1008,1008-commons-lang-FastDatePrinterTest-testLang1103.json,commons-lang,https://github.com/apache/commons-lang.git,7bcb03a49923bc12f7e3f2c04912d0925f178978,testLang1103,235,244,https://github.com/apache/commons-lang/blob/7bcb03a49923bc12f7e3f2c04912d0925f178978/src/test/java/org/apache/commons/lang3/time/FastDatePrinterTest.java#L235,4,423,561,323,0,202,200,1.00,1.00,1.00,0.20,0.20,0.20,1.00,1.00,1.00,0.25,0.25,0.25,1.00,1.00,1.00,0.22,0.22,0.22,42,56,4,5,5,5,4,4,4,1,1,1,0,0,0,4,4,4,0,0,0,3,3,3
test method,1009,1009-commons-lang-StrBuilderTest-testToCharArray.json,commons-lang,https://github.com/apache/commons-lang.git,7bcb03a49923bc12f7e3f2c04912d0925f178978,testToCharArray,1741,1753,https://github.com/apache/commons-lang/blob/7bcb03a49923bc12f7e3f2c04912d0925f178978/src/test/java/org/apache/commons/lang3/text/StrBuilderTest.java#L1741,11,1471,1626,1863,1,202,218,1.00,1.00,0.92,0.40,0.25,0.43,1.00,1.00,1.00,0.22,0.11,0.27,1.00,1.00,0.96,0.29,0.15,0.33,85,85,12,5,4,7,11,8,11,2,1,3,0,0,1,3,3,4,0,0,0,7,8,8
test method,1010,1010-elasticsearch-LikeConversionTests-testWildcardEscapedWildcard.json,elasticsearch,https://github.com/elastic/elasticsearch.git,ab2ec85bdeef6727cd1b13f58bd314e8c0cd7994,testWildcardEscapedWildcard,89,91,https://github.com/elastic/elasticsearch/blob/ab2ec85bdeef6727cd1b13f58bd314e8c0cd7994/x-pack/plugin/sql/src/test/java/org/elasticsearch/xpack/sql/util/LikeConversionTests.java#L89,3,2434,2173,4362,1,2095,866,1.00,1.00,1.00,1.00,1.00,1.00,1.00,1.00,1.00,0.33,0.33,0.00,1.00,1.00,1.00,0.50,0.50,0.00,11,8,3,1,1,0,3,3,3,1,1,0,0,0,0,0,0,0,0,0,0,2,2,3
test method,1011,1011-elasticsearch-RangeFieldQueryStringQueryBuilderTests-testIPRangeQuery.json,elasticsearch,https://github.com/elastic/elasticsearch.git,ab2ec85bdeef6727cd1b13f58bd314e8c0cd7994,testIPRangeQuery,174,183,https://github.com/elastic/elasticsearch/blob/ab2ec85bdeef6727cd1b13f58bd314e8c0cd7994/server/src/test/java/org/elasticsearch/index/mapper/RangeFieldQueryStringQueryBuilderTests.java#L174,6,2436,3694,3480,0,2037,1022,1.00,1.00,1.00,1.00,1.00,1.00,1.00,1.00,1.00,0.67,0.67,0.00,1.00,1.00,1.00,0.80,0.80,0.00,21,18,5,4,4,0,6,5,5,4,4,0,0,0,0,0,0,0,0,0,0,2,2,6
test method,1012,1012-elasticsearch-MockSearchServiceTests-testAssertNoInFlightContext.json,elasticsearch,https://github.com/elastic/elasticsearch.git,ab2ec85bdeef6727cd1b13f58bd314e8c0cd7994,testAssertNoInFlightContext,19,34,https://github.com/elastic/elasticsearch/blob/ab2ec85bdeef6727cd1b13f58bd314e8c0cd7994/test/framework/src/test/java/org/elasticsearch/search/MockSearchServiceTests.java#L19,23,2572,8540,2455,2,1682,995,1.00,1.00,1.00,1.00,1.00,1.00,1.00,1.00,1.00,1.00,1.00,0.00,1.00,1.00,1.00,1.00,1.00,0.00,27,26,22,23,23,0,23,22,22,23,23,0,0,0,0,0,0,0,0,0,0,0,0,23
test method,1013,1013-flink-MergeTableLikeUtilTest-mergeExcludingDistributionOnDuplicate.json,flink,https://github.com/apache/flink.git,d141ad7ab86dcddc5937dce52f1657bae6ded2ed,mergeExcludingDistributionOnDuplicate,762,773,https://github.com/apache/flink/blob/d141ad7ab86dcddc5937dce52f1657bae6ded2ed/flink-table/flink-table-planner/src/test/java/org/apache/flink/table/planner/operations/converters/MergeTableLikeUtilTest.java#L762,4,4199,5895,4644,1,796,448,1.00,1.00,1.00,1.00,1.00,1.00,1.00,1.00,1.00,0.50,0.50,0.00,1.00,1.00,1.00,0.67,0.67,0.00,9,17,4,2,2,0,4,4,4,2,2,0,0,0,0,0,0,0,0,0,0,2,2,4
test method,1014,1014-flink-JavaCatalogTableTest-testResolvingProctimeOfCustomTableSql.json,flink,https://github.com/apache/flink.git,d141ad7ab86dcddc5937dce52f1657bae6ded2ed,testResolvingProctimeOfCustomTableSql,116,133,https://github.com/apache/flink/blob/d141ad7ab86dcddc5937dce52f1657bae6ded2ed/flink-table/flink-table-planner/src/test/java/org/apache/flink/table/planner/catalog/JavaCatalogTableTest.java#L116,6,4257,2766,3358,1,795,453,1.00,1.00,1.00,1.00,1.00,1.00,1.00,1.00,1.00,0.83,0.83,0.00,1.00,1.00,1.00,0.91,0.91,0.00,15,13,5,5,5,0,6,5,5,5,5,0,0,0,0,0,0,0,0,0,0,1,1,6
test method,1015,1015-flink-NFAITCase-testMultipleTakesVersionCollision.json,flink,https://github.com/apache/flink.git,d141ad7ab86dcddc5937dce52f1657bae6ded2ed,testMultipleTakesVersionCollision,2579,2727,https://github.com/apache/flink/blob/d141ad7ab86dcddc5937dce52f1657bae6ded2ed/flink-libraries/flink-cep/src/test/java/org/apache/flink/cep/nfa/NFAITCase.java#L2579,5,1749,2365,3126,1,740,417,1.00,1.00,1.00,1.00,0.14,1.00,1.00,1.00,1.00,1.00,1.00,0.00,1.00,1.00,1.00,1.00,0.25,0.00,32,49,4,5,35,0,5,4,4,5,5,0,0,0,0,0,30,0,0,0,0,0,0,5
test method,1016,1016-hadoop-TestNodeLabelContainerAllocation-testAMContainerAllocationWillAlwaysBeExclusive.json,hadoop,https://github.com/apache/hadoop.git,c6e716bf5bc8958a1f5fc63d1b2844a2f8f118be,testAMContainerAllocationWillAlwaysBeExclusive,1661,1720,https://github.com/apache/hadoop/blob/c6e716bf5bc8958a1f5fc63d1b2844a2f8f118be/hadoop-yarn-project/hadoop-yarn/hadoop-yarn-server/hadoop-yarn-server-resourcemanager/src/test/java/org/apache/hadoop/yarn/server/resourcemanager/scheduler/capacity/TestNodeLabelContainerAllocation.java#L1661,6,2295,3422,112434,1,993,654,1.00,1.00,1.00,1.00,1.00,1.00,1.00,1.00,1.00,1.00,1.00,0.33,1.00,1.00,1.00,1.00,1.00,0.50,40,39,6,6,6,2,6,6,6,6,6,2,0,0,0,0,0,0,0,0,0,0,0,4
test method,1017,1017-hadoop-TestCheckpoint-testNamespaceVerifiedOnFileTransfer.json,hadoop,https://github.com/apache/hadoop.git,c6e716bf5bc8958a1f5fc63d1b2844a2f8f118be,testNamespaceVerifiedOnFileTransfer,1967,2028,https://github.com/apache/hadoop/blob/c6e716bf5bc8958a1f5fc63d1b2844a2f8f118be/hadoop-hdfs-project/hadoop-hdfs/src/test/java/org/apache/hadoop/hdfs/server/namenode/TestCheckpoint.java#L1967,18,5603,5790,161659,2,1096,803,0.82,1.00,0.94,0.89,1.00,0.94,1.00,1.00,0.94,0.89,0.88,0.89,0.90,1.00,0.94,0.89,0.94,0.91,102,89,18,18,15,17,18,17,17,16,15,16,4,0,1,2,0,1,0,0,1,2,2,2
test method,1018,1018-hadoop-TestRegistryDNS-testContainerRegistration.json,hadoop,https://github.com/apache/hadoop.git,c6e716bf5bc8958a1f5fc63d1b2844a2f8f118be,testContainerRegistration,235,251,https://github.com/apache/hadoop/blob/c6e716bf5bc8958a1f5fc63d1b2844a2f8f118be/hadoop-common-project/hadoop-registry/src/test/java/org/apache/hadoop/registry/server/dns/TestRegistryDNS.java#L235,7,852,1623,1036,0,461,452,1.00,1.00,1.00,1.00,1.00,1.00,1.00,1.00,1.00,0.86,0.86,0.86,1.00,1.00,1.00,0.92,0.92,0.92,18,16,7,6,6,6,7,7,7,6,6,6,0,0,0,0,0,0,0,0,0,1,1,1
test method,1019,1019-hibernate-orm-ForeignKeyConstraintMapsIdTest-testForeignKeyNameSetForMapsIdJoinColumn.json,hibernate-orm,https://github.com/hibernate/hibernate-orm.git,64ad80559533e23587982e460f6eb8a87c14a7e1,testForeignKeyNameSetForMapsIdJoinColumn,41,56,https://github.com/hibernate/hibernate-orm/blob/64ad80559533e23587982e460f6eb8a87c14a7e1/hibernate-core/src/test/java/org/hibernate/orm/test/constraint/ForeignKeyConstraintMapsIdTest.java#L41,6,1223,2949,1129,0,1135,1030,1.00,1.00,1.00,1.00,1.00,1.00,1.00,1.00,1.00,0.33,0.33,0.33,1.00,1.00,1.00,0.50,0.50,0.50,12,18,5,2,2,2,6,5,5,2,2,2,0,0,0,0,0,0,0,0,0,4,4,4
test method,1020,1020-hibernate-orm-SQLTest-test_sql_hibernate_query_scalar_partial_explicit_result_set_example.json,hibernate-orm,https://github.com/hibernate/hibernate-orm.git,64ad80559533e23587982e460f6eb8a87c14a7e1,test_sql_hibernate_query_scalar_partial_explicit_result_set_example,226,243,https://github.com/hibernate/hibernate-orm/blob/64ad80559533e23587982e460f6eb8a87c14a7e1/hibernate-core/src/test/java/org/hibernate/orm/test/sql/SQLTest.java#L226,8,2191,3845,8563,1,615,567,1.00,1.00,1.00,1.00,1.00,1.00,1.00,1.00,1.00,0.88,0.88,0.88,1.00,1.00,1.00,0.93,0.93,0.93,41,46,7,7,7,7,8,7,7,7,7,7,0,0,0,0,0,0,0,0,0,1,1,1
test method,1021,1021-hibernate-orm-SQLSelectTest-test_HHH10557.json,hibernate-orm,https://github.com/hibernate/hibernate-orm.git,64ad80559533e23587982e460f6eb8a87c14a7e1,test_HHH10557,85,110,https://github.com/hibernate/hibernate-orm/blob/64ad80559533e23587982e460f6eb8a87c14a7e1/hibernate-core/src/test/java/org/hibernate/orm/test/sql/SQLSelectTest.java#L85,4,2306,3290,2799,0,579,582,1.00,1.00,1.00,0.40,1.00,1.00,1.00,1.00,1.00,0.50,0.75,0.75,1.00,1.00,1.00,0.44,0.86,0.86,9,12,4,5,3,3,4,3,4,2,3,3,0,0,0,3,0,0,0,0,0,2,1,1
test method,1022,1022-hibernate-search-BridgeTest-testDefaultAndNullBridges.json,hibernate-search,https://github.com/hibernate/hibernate-search.git,b83992727a0e950119b2be98380246de7bf8160d,testDefaultAndNullBridges,43,125,https://github.com/hibernate/hibernate-search/blob/b83992727a0e950119b2be98380246de7bf8160d/integrationtest/v5migrationhelper/orm/src/test/java/org/hibernate/search/test/bridge/BridgeTest.java#L43,33,1406,2571,1797,0,311,280,1.00,1.00,0.97,0.87,0.96,0.96,1.00,1.00,1.00,0.79,0.78,0.79,1.00,1.00,0.98,0.83,0.86,0.87,75,67,31,30,26,27,33,28,30,26,25,26,0,0,1,4,1,1,0,0,0,7,7,7
test method,1023,1023-hibernate-search-SpatialIndexingTest-testDistanceSort.json,hibernate-search,https://github.com/hibernate/hibernate-search.git,b83992727a0e950119b2be98380246de7bf8160d,testDistanceSort,169,196,https://github.com/hibernate/hibernate-search/blob/b83992727a0e950119b2be98380246de7bf8160d/integrationtest/v5migrationhelper/orm/src/test/java/org/hibernate/search/test/spatial/SpatialIndexingTest.java#L169,14,907,1531,3560,0,294,299,1.00,1.00,1.00,1.00,1.00,0.91,1.00,1.00,1.00,0.71,0.69,0.71,1.00,1.00,1.00,0.83,0.82,0.80,45,63,10,10,9,11,14,9,10,10,9,10,0,0,0,0,0,1,0,0,0,4,4,4
test method,1024,1024-hibernate-search-JavaTimeTest-testMonthDay.json,hibernate-search,https://github.com/hibernate/hibernate-search.git,b83992727a0e950119b2be98380246de7bf8160d,testMonthDay,196,203,https://github.com/hibernate/hibernate-search/blob/b83992727a0e950119b2be98380246de7bf8160d/integrationtest/v5migrationhelper/engine/src/test/java/org/hibernate/search/test/bridge/time/JavaTimeTest.java#L196,5,521,821,797,0,256,253,1.00,1.00,1.00,1.00,1.00,1.00,1.00,1.00,1.00,0.20,0.20,0.20,1.00,1.00,1.00,0.33,0.33,0.33,21,17,5,1,1,1,5,5,5,1,1,1,0,0,0,0,0,0,0,0,0,4,4,4
test method,1025,1025-intellij-community-JoinLinesTestGenerated-testTypeArguments.json,intellij-community,https://github.com/JetBrains/intellij-community.git,1e05f4447723efe125034ffad6a3764387893163,testTypeArguments,497,499,https://github.com/JetBrains/intellij-community/blob/1e05f4447723efe125034ffad6a3764387893163/plugins/kotlin/idea/tests/test/org/jetbrains/kotlin/idea/intentions/declarations/JoinLinesTestGenerated.java#L497,5,3957,6129,14224,0,12077,2553,1.00,1.00,1.00,1.00,1.00,1.00,1.00,1.00,1.00,1.00,1.00,0.00,1.00,1.00,1.00,1.00,1.00,0.00,32,54,5,5,5,0,5,5,5,5,5,0,0,0,0,0,0,0,0,0,0,0,0,5
test method,1026,1026-intellij-community-TreeControlPainterTest-testClassicCompact.json,intellij-community,https://github.com/JetBrains/intellij-community.git,1e05f4447723efe125034ffad6a3764387893163,testClassicCompact,52,65,https://github.com/JetBrains/intellij-community/blob/1e05f4447723efe125034ffad6a3764387893163/platform/platform-tests/testSrc/com/intellij/ui/tree/ui/TreeControlPainterTest.java#L52,13,9162,42016,10382,1,11520,3950,1.00,1.00,1.00,1.00,1.00,1.00,1.00,1.00,1.00,1.00,1.00,0.00,1.00,1.00,1.00,1.00,1.00,0.00,16,15,13,13,13,0,13,13,13,13,13,0,0,0,0,0,0,0,0,0,0,0,0,13
test method,1027,1027-intellij-community-LongRangeSetTest-testShl.json,intellij-community,https://github.com/JetBrains/intellij-community.git,1e05f4447723efe125034ffad6a3764387893163,testShl,582,590,https://github.com/JetBrains/intellij-community/blob/1e05f4447723efe125034ffad6a3764387893163/java/java-tests/testSrc/com/intellij/java/codeInspection/dataFlow/rangeSet/LongRangeSetTest.java#L582,4,5298,17009,18078,1,12307,3854,1.00,1.00,1.00,1.00,1.00,1.00,1.00,1.00,1.00,1.00,1.00,0.00,1.00,1.00,1.00,1.00,1.00,0.00,31,44,4,4,4,0,4,4,4,4,4,0,0,0,0,0,0,0,0,0,0,0,0,4
test method,1028,1028-javaparser-LexicalPreservingPrinterTest-checkNodeTextCreatedArrayCreationLevelWith.json,javaparser,https://github.com/javaparser/javaparser.git,3dc8e77116dc740489fa6d7b74c3bfa4a9750d7e,checkNodeTextCreatedArrayCreationLevelWith,334,346,https://github.com/javaparser/javaparser/blob/3dc8e77116dc740489fa6d7b74c3bfa4a9750d7e/javaparser-core-testing/src/test/java/com/github/javaparser/printer/lexicalpreservation/LexicalPreservingPrinterTest.java#L334,9,1309,1292,1634,0,143,60,1.00,1.00,0.86,0.80,1.00,1.00,1.00,1.00,0.86,0.89,0.89,0.00,1.00,1.00,0.86,0.84,0.94,0.00,118,132,7,10,8,0,9,7,6,8,8,0,0,0,1,2,0,0,0,0,1,1,1,9
test method,1029,1029-javaparser-WildcardUsageTest-testIsWildcard.json,javaparser,https://github.com/javaparser/javaparser.git,3dc8e77116dc740489fa6d7b74c3bfa4a9750d7e,testIsWildcard,148,154,https://github.com/javaparser/javaparser/blob/3dc8e77116dc740489fa6d7b74c3bfa4a9750d7e/javaparser-symbol-solver-testing/src/test/java/com/github/javaparser/symbolsolver/model/typesystem/WildcardUsageTest.java#L148,8,312,449,882,0,124,61,1.00,1.00,1.00,0.40,1.00,1.00,1.00,1.00,1.00,0.25,0.25,0.00,1.00,1.00,1.00,0.31,0.40,0.00,43,36,8,5,2,0,8,8,8,2,2,0,0,0,0,3,0,0,0,0,0,6,6,8
test method,1030,1030-javaparser-LambdaResolutionTest-lambdaBlockExplicitReturn.json,javaparser,https://github.com/javaparser/javaparser.git,3dc8e77116dc740489fa6d7b74c3bfa4a9750d7e,lambdaBlockExplicitReturn,161,171,https://github.com/javaparser/javaparser/blob/3dc8e77116dc740489fa6d7b74c3bfa4a9750d7e/javaparser-symbol-solver-testing/src/test/java/com/github/javaparser/symbolsolver/resolution/LambdaResolutionTest.java#L161,7,154,246,573,0,152,87,1.00,1.00,1.00,1.00,1.00,1.00,1.00,1.00,1.00,0.71,0.71,0.00,1.00,1.00,1.00,0.83,0.83,0.00,28,37,7,5,5,0,7,7,7,5,5,0,0,0,0,0,0,0,0,0,0,2,2,7
test method,1031,1031-jetty.project-HttpParserTest-testIPv6HostPort.json,jetty.project,https://github.com/eclipse/jetty.project.git,d94be9b4862f7990276522d79a463f5fc4427e2f,testIPv6HostPort,3172,3191,https://github.com/eclipse/jetty.project/blob/d94be9b4862f7990276522d79a463f5fc4427e2f/jetty-core/jetty-http/src/test/java/org/eclipse/jetty/http/HttpParserTest.java#L3172,25,3950,631,281799,3,5634,251,1.00,1.00,0.91,0.26,1.00,1.00,0.92,0.00,0.48,0.82,0.61,0.00,0.96,0.00,0.62,0.40,0.76,0.00,198,20,11,69,14,0,25,0,10,18,14,0,0,0,1,51,0,0,0,18,11,4,9,21
test method,1032,1032-jetty.project-Utf8StringBuilderTest-testFastFail2.json,jetty.project,https://github.com/eclipse/jetty.project.git,d94be9b4862f7990276522d79a463f5fc4427e2f,testFastFail2,191,206,https://github.com/eclipse/jetty.project/blob/d94be9b4862f7990276522d79a463f5fc4427e2f/jetty-core/jetty-util/src/test/java/org/eclipse/jetty/util/Utf8StringBuilderTest.java#L191,11,2021,1109,26307,3,6266,229,1.00,1.00,1.00,1.00,1.00,1.00,1.00,0.10,0.20,0.18,0.18,0.00,1.00,0.18,0.33,0.31,0.31,0.00,39,2,2,2,2,0,11,1,2,2,2,0,0,0,0,0,0,0,0,9,8,9,9,11
test method,1033,1033-jetty.project-GzipWithSendErrorTest-testGzipConsumeAllContentLengthBlocking.json,jetty.project,https://github.com/eclipse/jetty.project.git,d94be9b4862f7990276522d79a463f5fc4427e2f,testGzipConsumeAllContentLengthBlocking,172,264,https://github.com/eclipse/jetty.project/blob/d94be9b4862f7990276522d79a463f5fc4427e2f/jetty-ee9/jetty-ee9-tests/jetty-ee9-test-integration/src/test/java/org/eclipse/jetty/ee9/test/GzipWithSendErrorTest.java#L172,6,914,8580,13253,0,2811,177,1.00,1.00,0.67,0.45,1.00,1.00,1.00,1.00,0.67,0.83,0.83,0.00,1.00,1.00,0.67,0.59,0.91,0.00,21,13,6,11,5,0,6,6,4,5,5,0,0,0,2,6,0,0,0,0,2,1,1,6
test method,1034,1034-jgit-DumbClientSmartServerTest-testPushNotSupported.json,jgit,https://github.com/eclipse-jgit/jgit.git,1e9dd8cb9bedce1b5d579dcd841c5c9aac24b1e7,testPushNotSupported,207,222,https://github.com/eclipse-jgit/jgit/blob/1e9dd8cb9bedce1b5d579dcd841c5c9aac24b1e7/org.eclipse.jgit.http.test/tst/org/eclipse/jgit/http/test/DumbClientSmartServerTest.java#L207,3,187,258,911,1,148,139,1.00,1.00,1.00,1.00,1.00,1.00,1.00,1.00,1.00,1.00,1.00,1.00,1.00,1.00,1.00,1.00,1.00,1.00,24,23,3,3,2,2,3,2,3,3,2,2,0,0,0,0,0,0,0,0,0,0,0,0
test method,1035,1035-jgit-SmartClientSmartServerTest-testInitialClone_WithAuthenticationNoCredentials.json,jgit,https://github.com/eclipse-jgit/jgit.git,1e9dd8cb9bedce1b5d579dcd841c5c9aac24b1e7,testInitialClone_WithAuthenticationNoCredentials,1150,1168,https://github.com/eclipse-jgit/jgit/blob/1e9dd8cb9bedce1b5d579dcd841c5c9aac24b1e7/org.eclipse.jgit.http.test/tst/org/eclipse/jgit/http/test/SmartClientSmartServerTest.java#L1150,3,616,758,3473,0,171,163,1.00,1.00,1.00,0.33,1.00,1.00,1.00,1.00,1.00,1.00,1.00,1.00,1.00,1.00,1.00,0.50,1.00,1.00,46,69,3,9,3,3,3,3,3,3,3,3,0,0,0,6,0,0,0,0,0,0,0,0
test method,1036,1036-jgit-HttpClientTests-testV2HttpSubsequentResponse.json,jgit,https://github.com/eclipse-jgit/jgit.git,1e9dd8cb9bedce1b5d579dcd841c5c9aac24b1e7,testV2HttpSubsequentResponse,385,413,https://github.com/eclipse-jgit/jgit/blob/1e9dd8cb9bedce1b5d579dcd841c5c9aac24b1e7/org.eclipse.jgit.http.test/tst/org/eclipse/jgit/http/test/HttpClientTests.java#L385,7,214,659,237,0,153,147,1.00,1.00,1.00,1.00,1.00,0.88,1.00,1.00,1.00,1.00,1.00,1.00,1.00,1.00,1.00,1.00,1.00,0.93,17,38,7,7,7,8,7,7,7,7,7,7,0,0,0,0,0,1,0,0,0,0,0,0
test method,1037,1037-junit4-SuiteMethodTest-descriptionAndRunNotificationsAreConsistent.json,junit4,https://github.com/junit-team/junit4.git,71c33ce555230d9dfb6cab5e133e22a4cc95cdff,descriptionAndRunNotificationsAreConsistent,76,82,https://github.com/junit-team/junit4/blob/71c33ce555230d9dfb6cab5e133e22a4cc95cdff/src/test/java/org/junit/tests/junit3compatibility/SuiteMethodTest.java#L76,7,121,65,146,0,50,39,1.00,1.00,0.71,0.83,0.62,1.00,1.00,0.50,0.83,0.71,0.71,0.00,1.00,0.67,0.77,0.77,0.67,0.00,17,8,7,6,8,0,7,3,5,5,5,0,0,0,2,1,3,0,0,3,1,2,2,7
test method,1038,1038-junit4-JUnit38ClassRunnerTest-getDescriptionWithAnnotation.json,junit4,https://github.com/junit-team/junit4.git,71c33ce555230d9dfb6cab5e133e22a4cc95cdff,getDescriptionWithAnnotation,112,115,https://github.com/junit-team/junit4/blob/71c33ce555230d9dfb6cab5e133e22a4cc95cdff/src/test/java/org/junit/tests/junit3compatibility/JUnit38ClassRunnerTest.java#L112,3,43,103,38,0,56,27,1.00,1.00,1.00,1.00,1.00,1.00,1.00,1.00,1.00,0.67,0.67,0.00,1.00,1.00,1.00,0.80,0.80,0.00,9,11,3,2,2,0,3,3,3,2,2,0,0,0,0,0,0,0,0,0,0,1,1,3
test method,1039,1039-junit4-SortableTest-c.json,junit4,https://github.com/junit-team/junit4.git,71c33ce555230d9dfb6cab5e133e22a4cc95cdff,c,68,70,https://github.com/junit-team/junit4/blob/71c33ce555230d9dfb6cab5e133e22a4cc95cdff/src/test/java/org/junit/tests/manipulation/SortableTest.java#L68,5,164,174,39,0,48,57,1.00,0.80,0.00,1.00,0.00,1.00,1.00,1.00,0.00,0.40,0.00,0.40,1.00,0.89,,0.57,,0.57,21,17,1,2,1,2,5,4,0,2,0,2,0,1,1,0,1,0,0,0,4,3,5,3
test method,1040,1040-junit5-AssertNotEqualsAssertionsTests-assertNotEqualsWithObjectVsNull.json,junit5,https://github.com/junit-team/junit5.git,09dd24418b02bf37557fb6dfe7eb76bc3bae68d5,assertNotEqualsWithObjectVsNull,579,581,https://github.com/junit-team/junit5/blob/09dd24418b02bf37557fb6dfe7eb76bc3bae68d5/jupiter-tests/src/test/java/org/junit/jupiter/api/AssertNotEqualsAssertionsTests.java#L579,9,887,1394,3438,0,187,103,1.00,1.00,1.00,1.00,1.00,1.00,1.00,1.00,1.00,0.22,0.22,0.00,1.00,1.00,1.00,0.36,0.36,0.00,61,63,9,2,2,0,9,8,9,2,2,0,0,0,0,0,0,0,0,0,0,7,7,9
test method,1041,1041-junit5-ExampleTestCase-failingTest.json,junit5,https://github.com/junit-team/junit5.git,09dd24418b02bf37557fb6dfe7eb76bc3bae68d5,failingTest,53,56,https://github.com/junit-team/junit5/blob/09dd24418b02bf37557fb6dfe7eb76bc3bae68d5/documentation/src/test/java/example/ExampleTestCase.java#L53,3,171,160,144,0,171,109,1.00,1.00,1.00,0.50,0.00,1.00,1.00,1.00,1.00,0.33,0.00,0.00,1.00,1.00,1.00,0.40,,0.00,15,14,3,2,1,0,3,2,3,1,0,0,0,0,0,1,1,0,0,0,0,2,2,2
test method,1042,1042-junit5-CsvFileArgumentsProviderTests-throwsExceptionForBlankClasspathResource.json,junit5,https://github.com/junit-team/junit5.git,09dd24418b02bf37557fb6dfe7eb76bc3bae68d5,throwsExceptionForBlankClasspathResource,363,370,https://github.com/junit-team/junit5/blob/09dd24418b02bf37557fb6dfe7eb76bc3bae68d5/jupiter-tests/src/test/java/org/junit/jupiter/params/provider/CsvFileArgumentsProviderTests.java#L363,8,375,864,500,0,181,107,1.00,1.00,1.00,0.78,0.88,1.00,1.00,1.00,1.00,0.88,0.88,0.00,1.00,1.00,1.00,0.82,0.88,0.00,43,52,8,9,8,0,8,8,8,7,7,0,0,0,0,2,1,0,0,0,0,1,1,8
test method,1043,1043-lucene-TestNGramFilters-testNGramTokenizer2.json,lucene,https://github.com/apache/lucene.git,a06c51e41bc14ae0d7786cf78388b691e0dfb08b,testNGramTokenizer2,39,44,https://github.com/apache/lucene/blob/a06c51e41bc14ae0d7786cf78388b691e0dfb08b/lucene/analysis/common/src/test/org/apache/lucene/analysis/ngram/TestNGramFilters.java#L39,8,1107,1747,17002,1,803,284,1.00,1.00,0.88,1.00,1.00,1.00,1.00,1.00,1.00,0.62,0.62,0.00,1.00,1.00,0.93,0.77,0.77,0.00,28,24,8,5,5,0,8,7,7,5,5,0,0,0,1,0,0,0,0,0,0,3,3,8
test method,1044,1044-lucene-TestFieldPhraseList-test2Terms1PhraseIndex.json,lucene,https://github.com/apache/lucene.git,a06c51e41bc14ae0d7786cf78388b691e0dfb08b,test2Terms1PhraseIndex,98,115,https://github.com/apache/lucene/blob/a06c51e41bc14ae0d7786cf78388b691e0dfb08b/lucene/highlighter/src/test/org/apache/lucene/search/vectorhighlight/TestFieldPhraseList.java#L98,6,998,1433,1818,2,621,259,1.00,1.00,1.00,1.00,1.00,1.00,1.00,1.00,1.00,0.33,0.33,0.00,1.00,1.00,1.00,0.50,0.50,0.00,24,19,5,2,2,0,6,5,5,2,2,0,0,0,0,0,0,0,0,0,0,4,4,6
test method,1045,1045-lucene-TestRangeOnRangeFacetCounts-testBasicSingleDimDouble.json,lucene,https://github.com/apache/lucene.git,a06c51e41bc14ae0d7786cf78388b691e0dfb08b,testBasicSingleDimDouble,694,737,https://github.com/apache/lucene/blob/a06c51e41bc14ae0d7786cf78388b691e0dfb08b/lucene/facet/src/test/org/apache/lucene/facet/rangeonrange/TestRangeOnRangeFacetCounts.java#L694,3,717,1564,6105,1,593,269,1.00,1.00,1.00,1.00,1.00,1.00,1.00,1.00,1.00,1.00,1.00,0.00,1.00,1.00,1.00,1.00,1.00,0.00,7,6,3,3,3,0,3,3,3,3,3,0,0,0,0,0,0,0,0,0,0,0,0,3
test method,1046,1046-mockito-MockInjectionUsingSetterOrPropertyTest-should_inject_mocks_by_name.json,mockito,https://github.com/mockito/mockito.git,d16fcfc274d7ca03a2b4bdc22dd7c3ec6dac8690,should_inject_mocks_by_name,112,116,https://github.com/mockito/mockito/blob/d16fcfc274d7ca03a2b4bdc22dd7c3ec6dac8690/mockito-core/src/test/java/org/mockitousage/annotation/MockInjectionUsingSetterOrPropertyTest.java#L112,8,294,548,446,0,118,64,1.00,1.00,1.00,1.00,0.40,1.00,1.00,1.00,1.00,0.50,0.75,0.00,1.00,1.00,1.00,0.67,0.52,0.00,34,37,7,4,15,0,8,7,7,4,6,0,0,0,0,0,9,0,0,0,0,4,2,8
test method,1047,1047-mockito-CapturingArgumentsTest-should_allow_assertions_on_all_captured_arguments.json,mockito,https://github.com/mockito/mockito.git,d16fcfc274d7ca03a2b4bdc22dd7c3ec6dac8690,should_allow_assertions_on_all_captured_arguments,79,90,https://github.com/mockito/mockito/blob/d16fcfc274d7ca03a2b4bdc22dd7c3ec6dac8690/mockito-core/src/test/java/org/mockitousage/matchers/CapturingArgumentsTest.java#L79,9,230,653,461,0,119,60,1.00,1.00,1.00,0.67,0.86,1.00,1.00,1.00,1.00,0.67,0.67,0.00,1.00,1.00,1.00,0.67,0.75,0.00,36,45,9,9,7,0,9,9,9,6,6,0,0,0,0,3,1,0,0,0,0,3,3,9
test method,1048,1048-mockito-SpyingOnRealObjectsTest-shouldBeAbleToMockObjectBecauseWhyNot.json,mockito,https://github.com/mockito/mockito.git,d16fcfc274d7ca03a2b4bdc22dd7c3ec6dac8690,shouldBeAbleToMockObjectBecauseWhyNot,44,46,https://github.com/mockito/mockito/blob/d16fcfc274d7ca03a2b4bdc22dd7c3ec6dac8690/mockito-core/src/test/java/org/mockitousage/spies/SpyingOnRealObjectsTest.java#L44,4,167,302,401,1,106,56,1.00,1.00,1.00,1.00,1.00,1.00,1.00,1.00,1.00,0.50,0.33,0.00,1.00,1.00,1.00,0.67,0.50,0.00,25,26,4,2,1,0,4,3,4,2,1,0,0,0,0,0,0,0,0,0,0,2,2,3
test method,1049,1049-solr-AddEvaluatorTest-addManyFieldsWithManySubAdds.json,solr,https://github.com/apache/solr.git,640428af236008d1d3050278c4fbb6ff15d53ad6,addManyFieldsWithManySubAdds,207,264,https://github.com/apache/solr/blob/640428af236008d1d3050278c4fbb6ff15d53ad6/solr/solrj-streaming/src/test/org/apache/solr/client/solrj/io/stream/eval/AddEvaluatorTest.java#L207,11,1746,4764,8664,1,953,334,1.00,1.00,1.00,0.83,1.00,1.00,1.00,1.00,1.00,0.91,0.91,0.00,1.00,1.00,1.00,0.87,0.95,0.00,25,23,10,12,10,0,11,10,10,10,10,0,0,0,0,2,0,0,0,0,0,1,1,11
test method,1050,1050-solr-SuggestComponentContextFilterQueryTest-testContextFilterOnInvalidFieldGivesNoSuggestions.json,solr,https://github.com/apache/solr.git,640428af236008d1d3050278c4fbb6ff15d53ad6,testContextFilterOnInvalidFieldGivesNoSuggestions,362,376,https://github.com/apache/solr/blob/640428af236008d1d3050278c4fbb6ff15d53ad6/solr/core/src/test/org/apache/solr/handler/component/SuggestComponentContextFilterQueryTest.java#L362,3,911,1494,6208,1,922,441,1.00,1.00,1.00,1.00,1.00,1.00,1.00,1.00,1.00,1.00,1.00,0.00,1.00,1.00,1.00,1.00,1.00,0.00,9,8,2,3,3,0,3,2,2,3,3,0,0,0,0,0,0,0,0,0,0,0,0,3
test method,1051,1051-solr-TestDynamicFieldResource-testJsonGetDynamicField.json,solr,https://github.com/apache/solr.git,640428af236008d1d3050278c4fbb6ff15d53ad6,testJsonGetDynamicField,56,75,https://github.com/apache/solr/blob/640428af236008d1d3050278c4fbb6ff15d53ad6/solr/core/src/test/org/apache/solr/rest/schema/TestDynamicFieldResource.java#L56,4,890,1627,24425,1,946,405,1.00,1.00,1.00,1.00,1.00,1.00,1.00,1.00,1.00,0.75,0.75,0.00,1.00,1.00,1.00,0.86,0.86,0.00,10,8,3,3,3,0,4,3,3,3,3,0,0,0,0,0,0,0,0,0,0,1,1,4
test method,1052,1052-pmd-AbstractRuleTest-testEquals7.json,pmd,https://github.com/pmd/pmd.git,38c3567c01f9656c67d64496e1722866b1f6a8fb,testEquals7,184,189,https://github.com/pmd/pmd/blob/38c3567c01f9656c67d64496e1722866b1f6a8fb/pmd-core/src/test/java/net/sourceforge/pmd/AbstractRuleTest.java#L184,10,829,1808,1517,0,354,136,1.00,1.00,0.90,0.54,1.00,1.00,1.00,1.00,0.90,0.70,0.67,0.00,1.00,1.00,0.90,0.61,0.80,0.00,123,115,10,13,6,0,10,9,9,7,6,0,0,0,1,6,0,0,0,0,1,3,3,9
test method,1053,1053-pmd-VfUnescapeElTest-testMdapiCustomFields.json,pmd,https://github.com/pmd/pmd.git,38c3567c01f9656c67d64496e1722866b1f6a8fb,testMdapiCustomFields,54,66,https://github.com/pmd/pmd/blob/38c3567c01f9656c67d64496e1722866b1f6a8fb/pmd-visualforce/src/test/java/net/sourceforge/pmd/lang/visualforce/rule/security/VfUnescapeElTest.java#L54,8,650,2069,553,0,319,141,1.00,1.00,1.00,0.88,0.88,1.00,1.00,1.00,1.00,0.88,0.88,0.00,1.00,1.00,1.00,0.88,0.88,0.00,18,18,8,8,8,0,8,8,8,7,7,0,0,0,0,1,1,0,0,0,0,1,1,8
test method,1054,1054-pmd-JavaCpdLexerTest-testIgnoreIdentifiersHandlesEnums.json,pmd,https://github.com/pmd/pmd.git,38c3567c01f9656c67d64496e1722866b1f6a8fb,testIgnoreIdentifiersHandlesEnums,91,93,https://github.com/pmd/pmd/blob/38c3567c01f9656c67d64496e1722866b1f6a8fb/pmd-java/src/test/java/net/sourceforge/pmd/lang/java/cpd/JavaCpdLexerTest.java#L91,10,1070,1764,2011,0,418,183,1.00,0.88,0.67,0.75,0.71,1.00,1.00,1.00,0.67,0.38,0.62,0.00,1.00,0.93,0.67,0.50,0.67,0.00,32,26,9,4,7,0,10,7,6,3,5,0,0,1,3,1,2,0,0,0,3,5,3,8
test method,1055,1055-spring-boot-AbstractEndpointRequestIntegrationTests-toAllEndpointsShouldMatch.json,spring-boot,https://github.com/spring-projects/spring-boot.git,f8f1da605e936a62d1d3028e222d7e9f14f742cd,toAllEndpointsShouldMatch,90,101,https://github.com/spring-projects/spring-boot/blob/f8f1da605e936a62d1d3028e222d7e9f14f742cd/module/spring-boot-security/src/test/java/org/springframework/boot/security/autoconfigure/actuate/web/servlet/AbstractEndpointRequestIntegrationTests.java#L90,13,3336,7100,7328,0,9468,402,1.00,1.00,1.00,0.47,1.00,1.00,0.92,0.89,0.89,0.58,0.31,0.00,0.96,0.94,0.94,0.52,0.47,0.00,64,42,8,15,4,0,13,8,8,7,4,0,0,0,0,8,0,0,0,1,1,5,9,13
test method,1056,1056-spring-boot-SpringApplicationBuilderTests-parentWithDifferentProfile.json,spring-boot,https://github.com/spring-projects/spring-boot.git,f8f1da605e936a62d1d3028e222d7e9f14f742cd,parentWithDifferentProfile,247,260,https://github.com/spring-projects/spring-boot/blob/f8f1da605e936a62d1d3028e222d7e9f14f742cd/core/spring-boot/src/test/java/org/springframework/boot/builder/SpringApplicationBuilderTests.java#L247,14,1965,3833,3701,2,10451,438,1.00,1.00,1.00,0.52,0.75,1.00,0.93,1.00,1.00,0.85,0.64,0.00,0.96,1.00,1.00,0.65,0.69,0.00,74,74,9,21,12,0,14,9,9,11,9,0,0,0,0,10,3,0,0,0,0,2,5,14
test method,1057,1057-spring-boot-TestDatabaseAutoConfigurationTests-replaceWithNoDataSourceAvailable.json,spring-boot,https://github.com/spring-projects/spring-boot.git,f8f1da605e936a62d1d3028e222d7e9f14f742cd,replaceWithNoDataSourceAvailable,46,48,https://github.com/spring-projects/spring-boot/blob/f8f1da605e936a62d1d3028e222d7e9f14f742cd/module/spring-boot-jdbc-test/src/test/java/org/springframework/boot/jdbc/test/autoconfigure/TestDatabaseAutoConfigurationTests.java#L46,10,1416,3919,4944,1,20813,389,1.00,1.00,1.00,0.60,1.00,1.00,1.00,1.00,1.00,0.60,0.50,0.00,1.00,1.00,1.00,0.60,0.67,0.00,41,31,9,10,5,0,10,9,9,6,5,0,0,0,0,4,0,0,0,0,0,4,5,10
test method,1058,1058-spring-framework-DefaultValueStylerTests-styleObjectArrays.json,spring-framework,https://github.com/spring-projects/spring-framework.git,16f4b23c328500353194dfeb59e7a68550564ca8,styleObjectArrays,91,100,https://github.com/spring-projects/spring-framework/blob/16f4b23c328500353194dfeb59e7a68550564ca8/spring-core/src/test/java/org/springframework/core/style/DefaultValueStylerTests.java#L91,3,980,1929,1228,1,935,409,1.00,1.00,1.00,1.00,1.00,1.00,1.00,1.00,1.00,1.00,1.00,0.00,1.00,1.00,1.00,1.00,1.00,0.00,8,7,3,3,3,0,3,3,3,3,3,0,0,0,0,0,0,0,0,0,0,0,0,3
test method,1059,1059-spring-framework-AnnotatedElementUtilsTests-findMergedAnnotationAttributesOnInheritedAnnotationInterface.json,spring-framework,https://github.com/spring-projects/spring-framework.git,16f4b23c328500353194dfeb59e7a68550564ca8,findMergedAnnotationAttributesOnInheritedAnnotationInterface,588,591,https://github.com/spring-projects/spring-framework/blob/16f4b23c328500353194dfeb59e7a68550564ca8/spring-core/src/test/java/org/springframework/core/annotation/AnnotatedElementUtilsTests.java#L588,7,1047,2840,4626,1,720,417,1.00,1.00,1.00,0.60,1.00,1.00,1.00,1.00,0.67,1.00,1.00,0.00,1.00,1.00,0.80,0.75,1.00,0.00,94,134,4,10,6,0,7,6,4,6,6,0,0,0,0,4,0,0,0,0,2,0,0,6
test method,1060,1060-spring-framework-HeadersMethodArgumentResolverTests-resolveArgumentMessageHeaderAccessorSubclass.json,spring-framework,https://github.com/spring-projects/spring-framework.git,16f4b23c328500353194dfeb59e7a68550564ca8,resolveArgumentMessageHeaderAccessorSubclass,90,93,https://github.com/spring-projects/spring-framework/blob/16f4b23c328500353194dfeb59e7a68550564ca8/spring-messaging/src/test/java/org/springframework/messaging/handler/annotation/reactive/HeadersMethodArgumentResolverTests.java#L90,4,752,1357,744,0,1342,1151,1.00,1.00,1.00,1.00,1.00,1.00,1.00,1.00,1.00,0.75,0.75,0.00,1.00,1.00,1.00,0.86,0.86,0.00,12,10,4,3,3,0,4,4,4,3,3,0,0,0,0,0,0,0,0,0,0,1,1,4
test method,1061,1061-auto-AutoValueCompilationTest-autoValueBuilderToBuilderWrongTypeParameters.json,auto,https://github.com/google/auto.git,8a2b2d0b5074866bf0ebe5b9281e0515312b63af,autoValueBuilderToBuilderWrongTypeParameters,3225,3254,https://github.com/google/auto/blob/8a2b2d0b5074866bf0ebe5b9281e0515312b63af/value/src/test/java/com/google/auto/value/processor/AutoValueCompilationTest.java#L3225,6,1063,1401,3850,1,96,39,1.00,1.00,1.00,1.00,1.00,1.00,1.00,1.00,1.00,0.83,0.83,0.00,1.00,1.00,1.00,0.91,0.91,0.00,101,154,5,5,5,0,6,5,5,5,5,0,0,0,0,0,0,0,0,0,0,1,1,6
test method,1062,1062-auto-AutoFactoryProcessorTest-multipleFactoriesImpementingInterface.json,auto,https://github.com/google/auto.git,8a2b2d0b5074866bf0ebe5b9281e0515312b63af,multipleFactoriesImpementingInterface,434,442,https://github.com/google/auto/blob/8a2b2d0b5074866bf0ebe5b9281e0515312b63af/factory/src/test/java/com/google/auto/factory/processor/AutoFactoryProcessorTest.java#L434,5,165,157,200,0,55,35,1.00,1.00,1.00,1.00,1.00,1.00,1.00,1.00,1.00,1.00,1.00,0.00,1.00,1.00,1.00,1.00,1.00,0.00,38,48,5,5,5,0,5,5,5,5,5,0,0,0,0,0,0,0,0,0,0,0,0,5
test method,1063,1063-auto-ExtensionTest-testDoesntRaiseWarningForToBuilder.json,auto,https://github.com/google/auto.git,8a2b2d0b5074866bf0ebe5b9281e0515312b63af,testDoesntRaiseWarningForToBuilder,208,242,https://github.com/google/auto/blob/8a2b2d0b5074866bf0ebe5b9281e0515312b63af/value/src/test/java/com/google/auto/value/processor/ExtensionTest.java#L208,8,224,362,10306,6,103,58,1.00,1.00,1.00,1.00,1.00,1.00,1.00,1.00,1.00,1.00,1.00,0.00,1.00,1.00,1.00,1.00,1.00,0.00,30,42,7,8,7,0,8,6,7,8,7,0,0,0,0,0,0,0,0,0,0,0,0,7
test method,1064,1064-cassandra-CasWriteTest-testWriteUnknownResult.json,cassandra,https://github.com/apache/cassandra.git,cd707ba67d182c5a8cfba087d0ae48da87532469,testWriteUnknownResult,280,314,https://github.com/apache/cassandra/blob/cd707ba67d182c5a8cfba087d0ae48da87532469/test/distributed/org/apache/cassandra/distributed/test/CasWriteTest.java#L280,4,1004,1831,967,0,2157,269,1.00,1.00,1.00,0.67,1.00,1.00,1.00,1.00,1.00,1.00,1.00,0.00,1.00,1.00,1.00,0.80,1.00,0.00,8,6,4,6,4,0,4,4,4,4,4,0,0,0,0,2,0,0,0,0,0,0,0,4
test method,1065,1065-cassandra-MessageForwardingTest-mutationsForwardedToAllReplicasTest.json,cassandra,https://github.com/apache/cassandra.git,cd707ba67d182c5a8cfba087d0ae48da87532469,mutationsForwardedToAllReplicasTest,51,121,https://github.com/apache/cassandra/blob/cd707ba67d182c5a8cfba087d0ae48da87532469/test/distributed/org/apache/cassandra/distributed/test/MessageForwardingTest.java#L51,16,1997,2132,556,0,502,263,1.00,1.00,1.00,1.00,1.00,1.00,0.75,0.50,0.57,1.00,0.50,0.00,0.86,0.67,0.73,1.00,0.67,0.00,15,10,8,12,8,0,16,8,8,12,8,0,0,0,0,0,0,0,0,8,6,0,8,16
test method,1066,1066-cassandra-PendingAntiCompactionTest-repairedSSTablesAreNotAcquired.json,cassandra,https://github.com/apache/cassandra.git,cd707ba67d182c5a8cfba087d0ae48da87532469,repairedSSTablesAreNotAcquired,201,224,https://github.com/apache/cassandra/blob/cd707ba67d182c5a8cfba087d0ae48da87532469/test/unit/org/apache/cassandra/db/repair/PendingAntiCompactionTest.java#L201,6,1633,3910,21577,2,5621,458,1.00,1.00,1.00,1.00,1.00,1.00,1.00,1.00,1.00,0.83,0.83,0.00,1.00,1.00,1.00,0.91,0.91,0.00,27,23,6,5,5,0,6,6,6,5,5,0,0,0,0,0,0,0,0,0,0,1,1,6
test method,1067,1067-dagger-TransitiveQualifierTest-testQualifierOnInjectConstructorParameter.json,dagger,https://github.com/google/dagger.git,f9deeef1e70346aabd9a7523f21d652dde76469d,testQualifierOnInjectConstructorParameter,61,108,https://github.com/google/dagger/blob/f9deeef1e70346aabd9a7523f21d652dde76469d/javatests/artifacts/dagger/build-tests/src/test/java/buildtests/TransitiveQualifierTest.java#L61,5,130,218,88,0,68,42,1.00,1.00,1.00,1.00,1.00,1.00,1.00,1.00,1.00,1.00,1.00,0.00,1.00,1.00,1.00,1.00,1.00,0.00,7,6,5,5,5,0,5,5,5,5,5,0,0,0,0,0,0,0,0,0,0,0,0,5
test method,1068,1068-dagger-TransitiveScopeTest-testTransitiveScope_WithImplementation.json,dagger,https://github.com/google/dagger.git,f9deeef1e70346aabd9a7523f21d652dde76469d,testTransitiveScope_WithImplementation,38,52,https://github.com/google/dagger/blob/f9deeef1e70346aabd9a7523f21d652dde76469d/javatests/artifacts/dagger/build-tests/src/test/java/buildtests/TransitiveScopeTest.java#L38,5,78,167,79,0,75,42,1.00,1.00,1.00,1.00,1.00,1.00,1.00,1.00,1.00,1.00,1.00,0.00,1.00,1.00,1.00,1.00,1.00,0.00,7,6,5,5,5,0,5,5,5,5,5,0,0,0,0,0,0,0,0,0,0,0,0,5
test method,1069,1069-dagger-MembersInjectionTest-mixedMemberInjection.json,dagger,https://github.com/google/dagger.git,f9deeef1e70346aabd9a7523f21d652dde76469d,mixedMemberInjection,420,444,https://github.com/google/dagger/blob/f9deeef1e70346aabd9a7523f21d652dde76469d/javatests/dagger/internal/codegen/MembersInjectionTest.java#L420,32,672,1660,915351,5,165,63,1.00,1.00,1.00,1.00,1.00,1.00,1.00,1.00,1.00,0.75,0.75,0.00,1.00,1.00,1.00,0.86,0.86,0.00,114,117,32,24,24,0,32,32,32,24,24,0,0,0,0,0,0,0,0,0,0,8,8,32
test method,1070,1070-dubbo-ZookeeperMetadataReportTest-testDoSaveSubscriberData.json,dubbo,https://github.com/apache/dubbo.git,f5d6436fae851c577fcf2eb1aaab543e92acf9b4,testDoSaveSubscriberData,206,225,https://github.com/apache/dubbo/blob/f5d6436fae851c577fcf2eb1aaab543e92acf9b4/dubbo-metadata/dubbo-metadata-report-zookeeper/src/test/java/org/apache/dubbo/metadata/store/zookeeper/ZookeeperMetadataReportTest.java#L206,5,973,1844,47706,2,290,89,1.00,1.00,1.00,0.18,0.19,1.00,1.00,0.75,1.00,1.00,1.00,0.00,1.00,0.86,1.00,0.30,0.32,0.00,12,15,4,28,26,0,5,3,4,5,5,0,0,0,0,23,21,0,0,1,0,0,0,5
test method,1071,1071-dubbo-ProviderAuthFilterTest-testAuthFailedWhenNoAccessKeyPair.json,dubbo,https://github.com/apache/dubbo.git,f5d6436fae851c577fcf2eb1aaab543e92acf9b4,testAuthFailedWhenNoAccessKeyPair,107,124,https://github.com/apache/dubbo/blob/f5d6436fae851c577fcf2eb1aaab543e92acf9b4/dubbo-plugin/dubbo-auth/src/test/java/org/apache/dubbo/auth/filter/ProviderAuthFilterTest.java#L107,5,178,399,225,0,155,87,1.00,1.00,1.00,1.00,1.00,1.00,1.00,1.00,1.00,1.00,1.00,0.00,1.00,1.00,1.00,1.00,1.00,0.00,11,10,5,5,5,0,5,5,5,5,5,0,0,0,0,0,0,0,0,0,0,0,0,5
test method,1072,1072-dubbo-NettyClientTest-testServerClose.json,dubbo,https://github.com/apache/dubbo.git,f5d6436fae851c577fcf2eb1aaab543e92acf9b4,testServerClose,92,104,https://github.com/apache/dubbo/blob/f5d6436fae851c577fcf2eb1aaab543e92acf9b4/dubbo-remoting/dubbo-remoting-netty/src/test/java/org/apache/dubbo/remoting/transport/netty/NettyClientTest.java#L92,14,478,1342,13816,3,273,140,1.00,1.00,1.00,0.79,1.00,1.00,1.00,0.69,1.00,0.79,0.86,0.00,1.00,0.82,1.00,0.79,0.92,0.00,22,13,13,14,12,0,14,9,13,11,12,0,0,0,0,3,0,0,0,4,0,3,2,14
test method,1073,1073-fastjson-JSONValidatorTest-validate_test_bracket.json,fastjson,https://github.com/alibaba/fastjson.git,c942c83443117b73af5ad278cc780270998ba3e1,validate_test_bracket,35,38,https://github.com/alibaba/fastjson/blob/c942c83443117b73af5ad278cc780270998ba3e1/src/test/java/com/alibaba/json/bvt/validate/JSONValidatorTest.java#L35,5,297,737,384,1,186,129,1.00,0.83,0.83,0.60,0.75,1.00,1.00,1.00,1.00,0.60,0.60,0.00,1.00,0.91,0.91,0.60,0.67,0.00,9,14,6,5,4,0,5,5,5,3,3,0,0,1,1,2,1,0,0,0,0,2,2,5
test method,1074,1074-fastjson-FastJsonHttpMessageConverterJSONPCaseTest-test3_2.json,fastjson,https://github.com/alibaba/fastjson.git,c942c83443117b73af5ad278cc780270998ba3e1,test3_2,139,145,https://github.com/alibaba/fastjson/blob/c942c83443117b73af5ad278cc780270998ba3e1/src/test/java/com/alibaba/json/bvt/support/spring/mock/testcase/FastJsonHttpMessageConverterJSONPCaseTest.java#L139,3,203,456,435,1,211,130,1.00,1.00,1.00,0.67,1.00,1.00,1.00,1.00,1.00,0.67,0.67,0.00,1.00,1.00,1.00,0.67,0.80,0.00,10,7,3,3,2,0,3,3,3,2,2,0,0,0,0,1,0,0,0,0,0,1,1,3
test method,1075,1075-fastjson-FastJsonpHttpMessageConverter4Case2Test-test1_2.json,fastjson,https://github.com/alibaba/fastjson.git,c942c83443117b73af5ad278cc780270998ba3e1,test1_2,89,104,https://github.com/alibaba/fastjson/blob/c942c83443117b73af5ad278cc780270998ba3e1/src/test/java/com/alibaba/json/bvt/support/spring/mock/testcase/FastJsonpHttpMessageConverter4Case2Test.java#L89,4,120,213,98,0,136,69,1.00,1.00,1.00,1.00,1.00,1.00,1.00,1.00,1.00,1.00,1.00,0.00,1.00,1.00,1.00,1.00,1.00,0.00,5,4,4,4,4,0,4,4,4,4,4,0,0,0,0,0,0,0,0,0,0,0,0,4
test method,1076,1076-glide-SizeConfigStrategyTest-testKeyEquals.json,glide,https://github.com/bumptech/glide.git,b12f574fd6ea20430c55c5a2eb29d624d843bf3e,testKeyEquals,23,32,https://github.com/bumptech/glide/blob/b12f574fd6ea20430c55c5a2eb29d624d843bf3e/library/test/src/test/java/com/bumptech/glide/load/engine/bitmap_recycle/SizeConfigStrategyTest.java#L23,8,176,212,223,0,66,38,1.00,1.00,1.00,1.00,1.00,1.00,1.00,1.00,1.00,0.62,0.62,0.00,1.00,1.00,1.00,0.77,0.77,0.00,17,13,4,5,5,0,8,4,4,5,5,0,0,0,0,0,0,0,0,0,0,3,3,8
test method,1077,1077-glide-HttpUrlFetcherServerTest-testFailsIfRedirectLocationIsPresentAndEmpty.json,glide,https://github.com/bumptech/glide.git,b12f574fd6ea20430c55c5a2eb29d624d843bf3e,testFailsIfRedirectLocationIsPresentAndEmpty,179,185,https://github.com/bumptech/glide/blob/b12f574fd6ea20430c55c5a2eb29d624d843bf3e/library/test/src/test/java/com/bumptech/glide/load/data/HttpUrlFetcherServerTest.java#L179,9,132,270,321,1,69,40,1.00,1.00,1.00,1.00,0.60,1.00,1.00,1.00,0.62,0.67,0.67,0.00,1.00,1.00,0.77,0.80,0.63,0.00,35,42,5,6,10,0,9,8,5,6,6,0,0,0,0,0,4,0,0,0,3,3,3,9
test method,1078,1078-glide-DefaultConnectivityMonitorTest-register_withMissingPermission_doesNotThrow.json,glide,https://github.com/bumptech/glide.git,b12f574fd6ea20430c55c5a2eb29d624d843bf3e,register_withMissingPermission_doesNotThrow,138,142,https://github.com/bumptech/glide/blob/b12f574fd6ea20430c55c5a2eb29d624d843bf3e/library/test/src/test/java/com/bumptech/glide/manager/DefaultConnectivityMonitorTest.java#L138,8,83,334,162,0,62,37,1.00,1.00,1.00,1.00,1.00,1.00,1.00,1.00,1.00,0.75,0.75,0.00,1.00,1.00,1.00,0.86,0.86,0.00,23,25,8,6,6,0,8,8,8,6,6,0,0,0,0,0,0,0,0,0,0,2,2,8
test method,1079,1079-guice-JitBindingsTest-testLinkedEagerSingleton.json,guice,https://github.com/google/guice.git,6682b69d081371cceff2a100075a74f41b819a87,testLinkedEagerSingleton,100,116,https://github.com/google/guice/blob/6682b69d081371cceff2a100075a74f41b819a87/core/test/com/google/inject/JitBindingsTest.java#L100,4,135,257,348,1,58,52,1.00,1.00,1.00,1.00,1.00,1.00,1.00,1.00,1.00,0.75,0.75,0.00,1.00,1.00,1.00,0.86,0.86,0.00,25,25,3,3,3,0,4,3,3,3,3,0,0,0,0,0,0,0,0,0,0,1,1,4
test method,1080,1080-guice-GenericInjectionTest-testImmediateTypeVariablesAreInjected.json,guice,https://github.com/google/guice.git,6682b69d081371cceff2a100075a74f41b819a87,testImmediateTypeVariablesAreInjected,200,211,https://github.com/google/guice/blob/6682b69d081371cceff2a100075a74f41b819a87/core/test/com/google/inject/GenericInjectionTest.java#L200,3,107,320,408,1,58,55,1.00,1.00,1.00,1.00,1.00,1.00,1.00,1.00,1.00,0.67,0.67,0.00,1.00,1.00,1.00,0.80,0.80,0.00,12,28,3,2,2,0,3,3,3,2,2,0,0,0,0,0,0,0,0,0,0,1,1,3
test method,1081,1081-guice-TransferRequestIntegrationTest-testTransferNonHttpRequest_concurrentUseBlocks.json,guice,https://github.com/google/guice.git,6682b69d081371cceff2a100075a74f41b819a87,testTransferNonHttpRequest_concurrentUseBlocks,136,154,https://github.com/google/guice/blob/6682b69d081371cceff2a100075a74f41b819a87/extensions/servlet/test/com/google/inject/servlet/TransferRequestIntegrationTest.java#L136,4,77,140,255,1,46,34,1.00,1.00,1.00,1.00,1.00,1.00,1.00,1.00,1.00,1.00,1.00,0.00,1.00,1.00,1.00,1.00,1.00,0.00,6,6,3,4,4,0,4,3,3,4,4,0,0,0,0,0,0,0,0,0,0,0,0,4
test method,1082,1082-Hystrix-RollingCommandLatencyDistributionStreamTest-testMultipleBucketsBothGetStored.json,Hystrix,https://github.com/Netflix/Hystrix.git,5ce3bc58c38e7ca60ef2fe0e516e390e294ad941,testMultipleBucketsBothGetStored,423,481,https://github.com/Netflix/Hystrix/blob/5ce3bc58c38e7ca60ef2fe0e516e390e294ad941/hystrix-core/src/test/java/com/netflix/hystrix/metric/consumer/RollingCommandLatencyDistributionStreamTest.java#L423,6,311,566,19471,3,88,35,1.00,1.00,1.00,1.00,1.00,1.00,1.00,1.00,1.00,0.83,0.83,0.00,1.00,1.00,1.00,0.91,0.91,0.00,12,9,6,5,5,0,6,6,6,5,5,0,0,0,0,0,0,0,0,0,0,1,1,6
test method,1083,1083-Hystrix-HystrixMetricsStreamHandlerTest-testMetricsAreDeliveredAsSseStream.json,Hystrix,https://github.com/Netflix/Hystrix.git,5ce3bc58c38e7ca60ef2fe0e516e390e294ad941,testMetricsAreDeliveredAsSseStream,92,109,https://github.com/Netflix/Hystrix/blob/5ce3bc58c38e7ca60ef2fe0e516e390e294ad941/hystrix-contrib/hystrix-rx-netty-metrics-stream/src/test/java/com/netflix/hystrix/contrib/rxnetty/metricsstream/HystrixMetricsStreamHandlerTest.java#L92,3,28,42,37,0,34,21,1.00,1.00,1.00,1.00,1.00,1.00,1.00,1.00,1.00,1.00,1.00,0.00,1.00,1.00,1.00,1.00,1.00,0.00,8,7,3,3,3,0,3,3,3,3,3,0,0,0,0,0,0,0,0,0,0,0,0,3
test method,1084,1084-Hystrix-HystrixCollapserTest-testMultipleBatches.json,Hystrix,https://github.com/Netflix/Hystrix.git,5ce3bc58c38e7ca60ef2fe0e516e390e294ad941,testMultipleBatches,99,121,https://github.com/Netflix/Hystrix/blob/5ce3bc58c38e7ca60ef2fe0e516e390e294ad941/hystrix-core/src/test/java/com/netflix/hystrix/HystrixCollapserTest.java#L99,7,962,969,1266,0,52,27,1.00,1.00,1.00,1.00,1.00,1.00,1.00,1.00,1.00,0.86,0.86,0.00,1.00,1.00,1.00,0.92,0.92,0.00,57,54,7,6,6,0,7,7,7,6,6,0,0,0,0,0,0,0,0,0,0,1,1,7
test method,1085,1085-j2objc-WeakReferenceTest-testWeakReference.json,j2objc,https://github.com/google/j2objc.git,185a8ac8a249b3fcd96ba8a5d464c13b5e3f3a72,testWeakReference,57,78,https://github.com/google/j2objc/blob/185a8ac8a249b3fcd96ba8a5d464c13b5e3f3a72/jre_emul/misc_tests/j2objc/java/lang/ref/WeakReferenceTest.java#L57,7,226,507,2089,2,106,57,1.00,1.00,1.00,0.80,1.00,1.00,1.00,1.00,1.00,0.57,0.71,0.00,1.00,1.00,1.00,0.67,0.83,0.00,14,14,7,5,5,0,7,7,7,4,5,0,0,0,0,1,0,0,0,0,0,3,2,7
test method,1086,1086-j2objc-InetAddressTest-test_getHostAddress.json,j2objc,https://github.com/google/j2objc.git,185a8ac8a249b3fcd96ba8a5d464c13b5e3f3a72,test_getHostAddress,396,462,https://github.com/google/j2objc/blob/185a8ac8a249b3fcd96ba8a5d464c13b5e3f3a72/jre_emul/android/platform/libcore/luni/src/test/java/libcore/java/net/InetAddressTest.java#L396,3,292,362,3010,1,237,72,1.00,1.00,1.00,0.50,1.00,1.00,1.00,1.00,1.00,0.33,0.67,0.00,1.00,1.00,1.00,0.40,0.80,0.00,10,10,3,2,2,0,3,3,3,1,2,0,0,0,0,1,0,0,0,0,0,2,1,3
test method,1087,1087-j2objc-TimeZoneTest-TestSimpleTimeZoneSerialization.json,j2objc,https://github.com/google/j2objc.git,185a8ac8a249b3fcd96ba8a5d464c13b5e3f3a72,TestSimpleTimeZoneSerialization,1145,1193,https://github.com/google/j2objc/blob/185a8ac8a249b3fcd96ba8a5d464c13b5e3f3a72/jre_emul/android/platform/external/icu/android_icu4j/src/main/tests/android/icu/dev/test/timezone/TimeZoneTest.java#L1145,3,194,214,992,0,141,78,1.00,1.00,1.00,1.00,1.00,1.00,1.00,1.00,0.67,1.00,1.00,0.00,1.00,1.00,0.80,1.00,1.00,0.00,7,6,2,3,1,0,3,1,2,3,1,0,0,0,0,0,0,0,0,0,1,0,0,1
test method,1088,1088-jenkins-ExpandableTextboxTest-noXssUsingInputValue.json,jenkins,https://github.com/jenkinsci/jenkins.git,a71fe2bb671ff2066e700e2c121225da63e925ca,noXssUsingInputValue,164,182,https://github.com/jenkinsci/jenkins/blob/a71fe2bb671ff2066e700e2c121225da63e925ca/test/src/test/java/lib/form/ExpandableTextboxTest.java#L164,5,807,2536,1132,1,521,265,1.00,1.00,1.00,1.00,1.00,1.00,1.00,1.00,1.00,0.80,0.80,0.00,1.00,1.00,1.00,0.89,0.89,0.00,15,25,5,4,4,0,5,5,5,4,4,0,0,0,0,0,0,0,0,0,0,1,1,5
test method,1089,1089-jenkins-ExecutorTest-apiPermissions.json,jenkins,https://github.com/jenkinsci/jenkins.git,a71fe2bb671ff2066e700e2c121225da63e925ca,apiPermissions,138,171,https://github.com/jenkinsci/jenkins/blob/a71fe2bb671ff2066e700e2c121225da63e925ca/test/src/test/java/hudson/model/ExecutorTest.java#L138,4,411,1757,896,4,658,340,1.00,1.00,1.00,1.00,1.00,1.00,1.00,1.00,1.00,1.00,1.00,0.00,1.00,1.00,1.00,1.00,1.00,0.00,23,39,4,4,4,0,4,4,4,4,4,0,0,0,0,0,0,0,0,0,0,0,0,4
test method,1090,1090-jenkins-FingerprintCleanupThreadTest-testUnblockedFacetsDontBlockDeletion.json,jenkins,https://github.com/jenkinsci/jenkins.git,a71fe2bb671ff2066e700e2c121225da63e925ca,testUnblockedFacetsDontBlockDeletion,129,140,https://github.com/jenkinsci/jenkins/blob/a71fe2bb671ff2066e700e2c121225da63e925ca/test/src/test/java/hudson/model/FingerprintCleanupThreadTest.java#L129,4,891,1922,879,1,615,290,1.00,1.00,0.75,0.67,1.00,1.00,1.00,1.00,0.75,0.50,0.75,0.00,1.00,1.00,0.75,0.57,0.86,0.00,18,19,4,3,3,0,4,4,3,2,3,0,0,0,1,1,0,0,0,0,1,2,1,4
test method,1091,1091-jmeter-ClutilTestCase-testIncomplete2ArgsMixed.json,jmeter,https://github.com/apache/jmeter.git,b1843c2a0aa0bc8292cc504e2a0cea53ca373234,testIncomplete2ArgsMixed,780,799,https://github.com/apache/jmeter/blob/b1843c2a0aa0bc8292cc504e2a0cea53ca373234/src/jorphan/src/test/java/org/apache/commons/cli/avalon/ClutilTestCase.java#L780,7,774,1180,32819,2,324,141,1.00,1.00,1.00,1.00,0.67,1.00,1.00,1.00,1.00,0.71,0.67,0.00,1.00,1.00,1.00,0.83,0.67,0.00,32,29,6,5,6,0,7,5,6,5,4,0,0,0,0,0,2,0,0,0,0,2,2,6
test method,1092,1092-jmeter-StringUtilitiesTest-testSub4.json,jmeter,https://github.com/apache/jmeter.git,b1843c2a0aa0bc8292cc504e2a0cea53ca373234,testSub4,60,65,https://github.com/apache/jmeter/blob/b1843c2a0aa0bc8292cc504e2a0cea53ca373234/src/core/src/test/java/org/apache/jmeter/util/StringUtilitiesTest.java#L60,5,451,848,581,0,270,145,1.00,1.00,1.00,1.00,1.00,1.00,1.00,1.00,1.00,0.60,0.50,0.00,1.00,1.00,1.00,0.75,0.67,0.00,15,13,5,3,2,0,5,4,5,3,2,0,0,0,0,0,0,0,0,0,0,2,2,4
test method,1093,1093-jmeter-TestBooleanPropertyEditor-testBooleanEditor.json,jmeter,https://github.com/apache/jmeter.git,b1843c2a0aa0bc8292cc504e2a0cea53ca373234,testBooleanEditor,43,46,https://github.com/apache/jmeter/blob/b1843c2a0aa0bc8292cc504e2a0cea53ca373234/src/core/src/test/java/org/apache/jmeter/testbeans/gui/TestBooleanPropertyEditor.java#L43,6,391,597,435,0,265,146,1.00,1.00,1.00,1.00,1.00,1.00,1.00,1.00,1.00,0.67,0.60,0.00,1.00,1.00,1.00,0.80,0.75,0.00,21,19,5,4,3,0,6,4,5,4,3,0,0,0,0,0,0,0,0,0,0,2,2,5
test method,1094,1094-kafka-GroupMetadataManagerTest-testStaticMemberRejoinWithKnownMemberId.json,kafka,https://github.com/apache/kafka.git,62206cfc5461629818a34723fee7817b369a6f7e,testStaticMemberRejoinWithKnownMemberId,7488,7530,https://github.com/apache/kafka/blob/62206cfc5461629818a34723fee7817b369a6f7e/group-coordinator/src/test/java/org/apache/kafka/coordinator/group/GroupMetadataManagerTest.java#L7488,5,37866,33034,108670,2,835,240,1.00,1.00,1.00,1.00,1.00,1.00,1.00,1.00,1.00,1.00,1.00,0.00,1.00,1.00,1.00,1.00,1.00,0.00,152,159,5,5,5,0,5,5,5,5,5,0,0,0,0,0,0,0,0,0,0,0,0,5
test method,1095,1095-kafka-WorkerTest-testProducerConfigsWithoutOverrides.json,kafka,https://github.com/apache/kafka.git,62206cfc5461629818a34723fee7817b369a6f7e,testProducerConfigsWithoutOverrides,1046,1055,https://github.com/apache/kafka/blob/62206cfc5461629818a34723fee7817b369a6f7e/connect/runtime/src/test/java/org/apache/kafka/connect/runtime/WorkerTest.java#L1046,10,2958,3847,943930,3,574,221,1.00,1.00,1.00,1.00,1.00,1.00,1.00,1.00,0.10,1.00,1.00,0.00,1.00,1.00,0.18,1.00,1.00,0.00,58,159,1,10,10,0,10,10,1,10,10,0,0,0,0,0,0,0,0,0,9,0,0,10
test method,1096,1096-kafka-CachingInMemoryKeyValueStoreTest-shouldNotForwardOldValuesWhenDisabled.json,kafka,https://github.com/apache/kafka.git,62206cfc5461629818a34723fee7817b369a6f7e,shouldNotForwardOldValuesWhenDisabled,297,317,https://github.com/apache/kafka/blob/62206cfc5461629818a34723fee7817b369a6f7e/streams/src/test/java/org/apache/kafka/streams/state/internals/CachingInMemoryKeyValueStoreTest.java#L297,3,937,1194,1827,5,524,436,1.00,1.00,1.00,1.00,1.00,1.00,1.00,1.00,1.00,0.67,0.67,0.00,1.00,1.00,1.00,0.80,0.80,0.00,43,55,3,2,2,0,3,3,3,2,2,0,0,0,0,0,0,0,0,0,0,1,1,3
test method,1097,1097-MPAndroidChart-ChartDataTest-testDynamicChartData.json,MPAndroidChart,https://github.com/PhilJay/MPAndroidChart.git,9c7275a0596a7ac0e50ca566e680f7f9d73607af,testDynamicChartData,25,210,https://github.com/PhilJay/MPAndroidChart/blob/9c7275a0596a7ac0e50ca566e680f7f9d73607af/MPChartLib/src/test/java/com/github/mikephil/charting/test/ChartDataTest.java#L25,3,66,85,42,0,52,24,1.00,1.00,1.00,1.00,1.00,1.00,1.00,1.00,1.00,1.00,1.00,0.00,1.00,1.00,1.00,1.00,1.00,0.00,4,3,3,3,3,0,3,3,3,3,3,0,0,0,0,0,0,0,0,0,0,0,0,3
test method,1098,1098-MPAndroidChart-DataSetTest-testGetEntryForXValue.json,MPAndroidChart,https://github.com/PhilJay/MPAndroidChart.git,9c7275a0596a7ac0e50ca566e680f7f9d73607af,testGetEntryForXValue,144,180,https://github.com/PhilJay/MPAndroidChart/blob/9c7275a0596a7ac0e50ca566e680f7f9d73607af/MPChartLib/src/test/java/com/github/mikephil/charting/test/DataSetTest.java#L144,3,584,488,72,0,48,28,1.00,1.00,1.00,1.00,1.00,1.00,1.00,1.00,1.00,1.00,1.00,0.00,1.00,1.00,1.00,1.00,1.00,0.00,10,14,3,3,3,0,3,3,3,3,3,0,0,0,0,0,0,0,0,0,0,0,0,3
test method,1099,1099-MPAndroidChart-LargeValueFormatterTest-test.json,MPAndroidChart,https://github.com/PhilJay/MPAndroidChart.git,9c7275a0596a7ac0e50ca566e680f7f9d73607af,test,15,94,https://github.com/PhilJay/MPAndroidChart/blob/9c7275a0596a7ac0e50ca566e680f7f9d73607af/MPChartLib/src/test/java/com/github/mikephil/charting/test/LargeValueFormatterTest.java#L15,3,129,115,52,0,52,50,1.00,1.00,1.00,1.00,1.00,1.00,1.00,1.00,1.00,1.00,1.00,0.33,1.00,1.00,1.00,1.00,1.00,0.50,4,3,3,3,3,1,3,3,3,3,3,1,0,0,0,0,0,0,0,0,0,0,0,2
test method,1100,1100-netty-ServerCookieEncoderTest-testEncodingWithNoCookies.json,netty,https://github.com/netty/netty.git,eafd77f6c03c9ee2a9caadc568bd585dedd530da,testEncodingWithNoCookies,66,72,https://github.com/netty/netty/blob/eafd77f6c03c9ee2a9caadc568bd585dedd530da/codec-http/src/test/java/io/netty/handler/codec/http/cookie/ServerCookieEncoderTest.java#L66,3,436,798,599,1,274,203,1.00,1.00,1.00,1.00,1.00,1.00,1.00,1.00,1.00,1.00,1.00,0.00,1.00,1.00,1.00,1.00,1.00,0.00,19,16,3,3,3,0,3,3,3,3,3,0,0,0,0,0,0,0,0,0,0,0,0,3
test method,1101,1101-netty-CorsConfigTest-defaultPreflightResponseHeaders.json,netty,https://github.com/netty/netty.git,eafd77f6c03c9ee2a9caadc568bd585dedd530da,defaultPreflightResponseHeaders,117,121,https://github.com/netty/netty/blob/eafd77f6c03c9ee2a9caadc568bd585dedd530da/codec-http/src/test/java/io/netty/handler/codec/http/cors/CorsConfigTest.java#L117,5,391,663,210,0,264,181,1.00,1.00,1.00,1.00,1.00,1.00,1.00,1.00,1.00,1.00,1.00,0.00,1.00,1.00,1.00,1.00,1.00,0.00,11,10,5,5,5,0,5,5,5,5,5,0,0,0,0,0,0,0,0,0,0,0,0,5
test method,1102,1102-netty-DefaultHttp2ConnectionEncoderTest-headersWriteShouldHalfCloseAfterOnErrorForPreCreatedStream.json,netty,https://github.com/netty/netty.git,eafd77f6c03c9ee2a9caadc568bd585dedd530da,headersWriteShouldHalfCloseAfterOnErrorForPreCreatedStream,769,792,https://github.com/netty/netty/blob/eafd77f6c03c9ee2a9caadc568bd585dedd530da/codec-http2/src/test/java/io/netty/handler/codec/http2/DefaultHttp2ConnectionEncoderTest.java#L769,3,318,908,496,1,294,165,1.00,1.00,1.00,1.00,1.00,1.00,1.00,1.00,1.00,1.00,1.00,0.00,1.00,1.00,1.00,1.00,1.00,0.00,10,76,3,3,3,0,3,3,3,3,3,0,0,0,0,0,0,0,0,0,0,0,0,3
test method,1103,1103-pulsar-MessagePublishBufferThrottleTest-testBlockByPublishRateLimiting.json,pulsar,https://github.com/apache/pulsar.git,52a4d5ee84fad6af2736376a6fcdd1bc41e7c52f,testBlockByPublishRateLimiting,118,165,https://github.com/apache/pulsar/blob/52a4d5ee84fad6af2736376a6fcdd1bc41e7c52f/pulsar-broker/src/test/java/org/apache/pulsar/broker/service/MessagePublishBufferThrottleTest.java#L118,11,1098,2718,898,1,448,274,1.00,1.00,1.00,1.00,1.00,1.00,1.00,1.00,1.00,0.91,0.73,0.00,1.00,1.00,1.00,0.95,0.84,0.00,18,17,11,10,8,0,11,11,11,10,8,0,0,0,0,0,0,0,0,0,0,1,3,11
test method,1104,1104-pulsar-ReflectionsTest-testCreateInstanceAbstractClass.json,pulsar,https://github.com/apache/pulsar.git,52a4d5ee84fad6af2736376a6fcdd1bc41e7c52f,testCreateInstanceAbstractClass,95,102,https://github.com/apache/pulsar/blob/52a4d5ee84fad6af2736376a6fcdd1bc41e7c52f/pulsar-common/src/test/java/org/apache/pulsar/common/util/ReflectionsTest.java#L95,3,362,532,835,2,409,310,1.00,1.00,1.00,1.00,1.00,1.00,1.00,1.00,1.00,0.33,0.33,0.00,1.00,1.00,1.00,0.50,0.50,0.00,13,10,3,1,1,0,3,3,3,1,1,0,0,0,0,0,0,0,0,0,0,2,2,3
test method,1105,1105-pulsar-ProxyAuthenticationTest-unauthenticatedSocketTest.json,pulsar,https://github.com/apache/pulsar.git,52a4d5ee84fad6af2736376a6fcdd1bc41e7c52f,unauthenticatedSocketTest,160,168,https://github.com/apache/pulsar/blob/52a4d5ee84fad6af2736376a6fcdd1bc41e7c52f/pulsar-broker/src/test/java/org/apache/pulsar/websocket/proxy/ProxyAuthenticationTest.java#L160,3,395,694,709,0,785,287,1.00,1.00,1.00,0.60,0.43,1.00,1.00,1.00,1.00,1.00,1.00,0.00,1.00,1.00,1.00,0.75,0.60,0.00,25,26,3,5,7,0,3,3,3,3,3,0,0,0,0,2,4,0,0,0,0,0,0,3
test method,1106,1106-rocketmq-DefaultLitePullConsumerTest-testConsumerCommitSyncWithMQOffset.json,rocketmq,https://github.com/apache/rocketmq.git,9ad4a1b94719aa39fd1f1569d739f9978885dc63,testConsumerCommitSyncWithMQOffset,186,216,https://github.com/apache/rocketmq/blob/9ad4a1b94719aa39fd1f1569d739f9978885dc63/client/src/test/java/org/apache/rocketmq/client/consumer/DefaultLitePullConsumerTest.java#L186,5,181,423,247,1,104,50,1.00,1.00,1.00,1.00,1.00,1.00,1.00,1.00,1.00,1.00,1.00,0.00,1.00,1.00,1.00,1.00,1.00,0.00,11,31,5,5,5,0,5,5,5,5,5,0,0,0,0,0,0,0,0,0,0,0,0,5
test method,1107,1107-rocketmq-BatchSendIT-testBatchSend_ViewMessage.json,rocketmq,https://github.com/apache/rocketmq.git,9ad4a1b94719aa39fd1f1569d739f9978885dc63,testBatchSend_ViewMessage,71,100,https://github.com/apache/rocketmq/blob/9ad4a1b94719aa39fd1f1569d739f9978885dc63/test/src/test/java/org/apache/rocketmq/test/client/producer/batch/BatchSendIT.java#L71,4,256,338,344,0,99,63,1.00,1.00,1.00,0.75,1.00,1.00,1.00,1.00,1.00,0.75,1.00,0.00,1.00,1.00,1.00,0.75,1.00,0.00,12,11,4,4,4,0,4,4,4,3,4,0,0,0,0,1,0,0,0,0,0,1,0,4
test method,1108,1108-rocketmq-FileWatchServiceTest-watchTwoFiles.json,rocketmq,https://github.com/apache/rocketmq.git,9ad4a1b94719aa39fd1f1569d739f9978885dc63,watchTwoFiles,119,132,https://github.com/apache/rocketmq/blob/9ad4a1b94719aa39fd1f1569d739f9978885dc63/srvutil/src/test/java/org/apache/rocketmq/srvutil/FileWatchServiceTest.java#L119,5,166,383,289,1,95,46,1.00,1.00,1.00,1.00,1.00,1.00,1.00,1.00,1.00,0.40,0.40,0.00,1.00,1.00,1.00,0.57,0.57,0.00,10,10,5,2,2,0,5,5,5,2,2,0,0,0,0,0,0,0,0,0,0,3,3,5
test method,1109,1109-RxJava-ReplaySubjectTest-reentrantDrain.json,RxJava,https://github.com/ReactiveX/RxJava.git,5df6e33ef01cf4da7b37ebc1c917fe91713ceaf7,reentrantDrain,1111,1132,https://github.com/ReactiveX/RxJava/blob/5df6e33ef01cf4da7b37ebc1c917fe91713ceaf7/src/test/java/io/reactivex/rxjava3/subjects/ReplaySubjectTest.java#L1111,3,434,3498,42439,2,198,101,1.00,1.00,1.00,1.00,1.00,1.00,1.00,1.00,1.00,0.67,0.67,0.00,1.00,1.00,1.00,0.80,0.80,0.00,27,39,3,2,2,0,3,3,3,2,2,0,0,0,0,0,0,0,0,0,0,1,1,3
test method,1110,1110-RxJava-FlowableConcatMapSchedulerTest-mapperDelayErrorScheduledLong.json,RxJava,https://github.com/ReactiveX/RxJava.git,5df6e33ef01cf4da7b37ebc1c917fe91713ceaf7,mapperDelayErrorScheduledLong,1057,1077,https://github.com/ReactiveX/RxJava/blob/5df6e33ef01cf4da7b37ebc1c917fe91713ceaf7/src/test/java/io/reactivex/rxjava3/internal/operators/flowable/FlowableConcatMapSchedulerTest.java#L1057,3,468,1313,72871,1,146,59,1.00,1.00,1.00,1.00,1.00,1.00,1.00,1.00,1.00,0.67,0.67,0.00,1.00,1.00,1.00,0.80,0.80,0.00,13,11,3,2,2,0,3,3,3,2,2,0,0,0,0,0,0,0,0,0,0,1,1,3
test method,1111,1111-RxJava-SingleTakeUntilTest-otherOnCompleteCompletable.json,RxJava,https://github.com/ReactiveX/RxJava.git,5df6e33ef01cf4da7b37ebc1c917fe91713ceaf7,otherOnCompleteCompletable,171,181,https://github.com/ReactiveX/RxJava/blob/5df6e33ef01cf4da7b37ebc1c917fe91713ceaf7/src/test/java/io/reactivex/rxjava3/internal/operators/single/SingleTakeUntilTest.java#L171,6,482,992,107674,2,153,57,1.00,1.00,1.00,1.00,1.00,1.00,1.00,1.00,1.00,0.83,0.83,0.00,1.00,1.00,1.00,0.91,0.91,0.00,19,17,5,5,5,0,6,5,5,5,5,0,0,0,0,0,0,0,0,0,0,1,1,6
test method,1112,1112-shardingsphere-GeneratedKeyAssignmentTokenGeneratorTest-assertGenerateSQLTokenWithPlaceholder.json,shardingsphere,https://github.com/apache/shardingsphere.git,1aed56b3a5ce281336da008b800d031fadf3d931,assertGenerateSQLTokenWithPlaceholder,56,61,https://github.com/apache/shardingsphere/blob/1aed56b3a5ce281336da008b800d031fadf3d931/infra/rewrite/core/src/test/java/org/apache/shardingsphere/infra/rewrite/sql/token/keygen/generator/GeneratedKeyAssignmentTokenGeneratorTest.java#L56,6,2178,7077,5576,1,919,425,1.00,0.60,1.00,0.60,0.60,1.00,1.00,1.00,1.00,0.50,0.50,0.00,1.00,0.75,1.00,0.55,0.55,0.00,17,20,6,5,5,0,6,6,6,3,3,0,0,4,0,2,2,0,0,0,0,3,3,6
test method,1113,1113-shardingsphere-MySQLDialectSaneQueryResultEngineTest-assertGetSaneQueryResultForSyntaxError.json,shardingsphere,https://github.com/apache/shardingsphere.git,1aed56b3a5ce281336da008b800d031fadf3d931,assertGetSaneQueryResultForSyntaxError,52,55,https://github.com/apache/shardingsphere/blob/1aed56b3a5ce281336da008b800d031fadf3d931/proxy/backend/dialect/mysql/src/test/java/org/apache/shardingsphere/proxy/backend/mysql/connector/sane/MySQLDialectSaneQueryResultEngineTest.java#L52,10,2754,8201,6587,1,805,434,1.00,1.00,1.00,1.00,1.00,1.00,1.00,1.00,1.00,0.30,0.30,0.00,1.00,1.00,1.00,0.46,0.46,0.00,36,28,10,3,3,0,10,10,10,3,3,0,0,0,0,0,0,0,0,0,0,7,7,10
test method,1114,1114-shardingsphere-ResourceIdGeneratorTest-assertNextIdProperly.json,shardingsphere,https://github.com/apache/shardingsphere.git,1aed56b3a5ce281336da008b800d031fadf3d931,assertNextIdProperly,29,31,https://github.com/apache/shardingsphere/blob/1aed56b3a5ce281336da008b800d031fadf3d931/kernel/transaction/core/src/test/java/org/apache/shardingsphere/transaction/core/ResourceIdGeneratorTest.java#L29,8,1286,4806,3785,2,1214,666,1.00,1.00,1.00,0.15,1.00,1.00,1.00,1.00,1.00,0.50,0.50,0.00,1.00,1.00,1.00,0.23,0.67,0.00,16,10,8,27,4,0,8,8,8,4,4,0,0,0,0,23,0,0,0,0,0,4,4,8
test method,1115,1115-tomcat-CheckOutThreadTest-testDBCPThreads10Connections10.json,tomcat,https://github.com/apache/tomcat.git,94a295ac6cce3ad5f20de1932486010b1ac9bc4a,testDBCPThreads10Connections10,31,48,https://github.com/apache/tomcat/blob/94a295ac6cce3ad5f20de1932486010b1ac9bc4a/modules/jdbc-pool/src/test/java/org/apache/tomcat/jdbc/test/CheckOutThreadTest.java#L31,4,478,816,643,1,421,260,1.00,1.00,1.00,1.00,0.40,1.00,1.00,1.00,1.00,0.50,0.50,0.00,1.00,1.00,1.00,0.67,0.44,0.00,25,22,4,2,5,0,4,4,4,2,2,0,0,0,0,0,3,0,0,0,0,2,2,4
test method,1116,1116-tomcat-TestOpenSSLCipherConfigurationParser-testRSA.json,tomcat,https://github.com/apache/tomcat.git,94a295ac6cce3ad5f20de1932486010b1ac9bc4a,testRSA,104,106,https://github.com/apache/tomcat/blob/94a295ac6cce3ad5f20de1932486010b1ac9bc4a/test/org/apache/tomcat/util/net/openssl/ciphers/TestOpenSSLCipherConfigurationParser.java#L104,4,474,2008,1052,0,593,344,1.00,1.00,1.00,1.00,1.00,1.00,1.00,1.00,0.75,0.50,0.50,0.00,1.00,1.00,0.86,0.67,0.67,0.00,55,64,3,2,2,0,4,4,3,2,2,0,0,0,0,0,0,0,0,0,1,2,2,4
test method,1117,1117-tomcat-TestJspCServletContext-testWebapp_2_4.json,tomcat,https://github.com/apache/tomcat.git,94a295ac6cce3ad5f20de1932486010b1ac9bc4a,testWebapp_2_4,82,88,https://github.com/apache/tomcat/blob/94a295ac6cce3ad5f20de1932486010b1ac9bc4a/test/org/apache/jasper/servlet/TestJspCServletContext.java#L82,3,459,847,665,0,452,282,1.00,1.00,1.00,1.00,1.00,1.00,1.00,1.00,1.00,1.00,1.00,0.00,1.00,1.00,1.00,1.00,1.00,0.00,19,18,3,3,3,0,3,3,3,3,3,0,0,0,0,0,0,0,0,0,0,0,0,3
test method,1118,1118-zxing-EmailAddressParsedResultTestCase-testEmailAddress.json,zxing,https://github.com/zxing/zxing.git,50799640d5c4d6cd85f75f047a3055d05485fae5,testEmailAddress,56,59,https://github.com/zxing/zxing/blob/50799640d5c4d6cd85f75f047a3055d05485fae5/core/src/test/java/com/google/zxing/client/result/EmailAddressParsedResultTestCase.java#L56,3,169,247,1614,0,102,47,1.00,1.00,1.00,1.00,1.00,1.00,1.00,1.00,1.00,0.67,0.50,0.00,1.00,1.00,1.00,0.80,0.67,0.00,11,9,3,2,1,0,3,2,3,2,1,0,0,0,0,0,0,0,0,0,0,1,1,2
test method,1119,1119-zxing-StringUtilsTestCase-testMixedShiftJIS1.json,zxing,https://github.com/zxing/zxing.git,50799640d5c4d6cd85f75f047a3055d05485fae5,testMixedShiftJIS1,60,65,https://github.com/zxing/zxing/blob/50799640d5c4d6cd85f75f047a3055d05485fae5/core/src/test/java/com/google/zxing/common/StringUtilsTestCase.java#L60,4,122,267,231,0,70,43,1.00,1.00,1.00,1.00,1.00,1.00,1.00,1.00,1.00,0.75,0.75,0.00,1.00,1.00,1.00,0.86,0.86,0.00,10,10,4,3,3,0,4,4,4,3,3,0,0,0,0,0,0,0,0,0,0,1,1,4
test method,1120,1120-zxing-BinaryUtilTest-testBuildBitArrayFromString.json,zxing,https://github.com/zxing/zxing.git,50799640d5c4d6cd85f75f047a3055d05485fae5,testBuildBitArrayFromString,44,60,https://github.com/zxing/zxing/blob/50799640d5c4d6cd85f75f047a3055d05485fae5/core/src/test/java/com/google/zxing/oned/rss/expanded/BinaryUtilTest.java#L44,5,140,172,468,0,70,51,1.00,1.00,1.00,1.00,1.00,1.00,1.00,1.00,1.00,0.80,0.75,0.00,1.00,1.00,1.00,0.89,0.86,0.00,9,7,4,4,3,0,5,3,4,4,3,0,0,0,0,0,0,0,0,0,0,1,1,4
