project,from_name,to_name,from_url,to_url,from_fqs,from_tctracer_fqs,from_testlinker_fqs,to_fqs,to_tctracer_fqs,to_testlinker_fqs,from_artifact,to_artifact,to_call_depth,candidate,label,tags,notes
commons-io,testReadFileToByteArray,readFileToByteArray,https://github.com/apache/commons-io/blob/4077158829de92987367d3149e4ba71356bb5390/src/test/java/org/apache/commons/io/FileUtilsTestCase.java#L1950,https://github.com/apache/commons-io/blob/4077158829de92987367d3149e4ba71356bb5390/src/main/java/org/apache/commons/io/FileUtils.java#L1812,org.apache.commons.io.FileUtilsTestCase.testReadFileToByteArray(),org.apache.commons.io.FileUtilsTestCase.testReadFileToByteArray(),org.apache.commons.io.FileUtilsTestCase.testReadFileToByteArray(),org.apache.commons.io.FileUtils.readFileToByteArray(java.io.File),org.apache.commons.io.FileUtils.readFileToByteArray(File),org.apache.commons.io.FileUtils.readFileToByteArray(File),#test-code #test-case-method,#main-code,1,1,1,,
commons-io,testReadFileToByteArray,getTestDirectory,https://github.com/apache/commons-io/blob/4077158829de92987367d3149e4ba71356bb5390/src/test/java/org/apache/commons/io/FileUtilsTestCase.java#L1950,https://github.com/apache/commons-io/blob/4077158829de92987367d3149e4ba71356bb5390/src/test/java/org/apache/commons/io/testtools/FileBasedTestCase.java#L29,org.apache.commons.io.FileUtilsTestCase.testReadFileToByteArray(),org.apache.commons.io.FileUtilsTestCase.testReadFileToByteArray(),org.apache.commons.io.FileUtilsTestCase.testReadFileToByteArray(),org.apache.commons.io.testtools.FileBasedTestCase.getTestDirectory(),org.apache.commons.io.testtools.FileBasedTestCase.getTestDirectory(),org.apache.commons.io.testtools.FileBasedTestCase.getTestDirectory(),#test-code #test-case-method,#test-code #test-helper-method,1,1,,,
commons-io,testTempFileBelowThreshold,write,https://github.com/apache/commons-io/blob/4077158829de92987367d3149e4ba71356bb5390/src/test/java/org/apache/commons/io/output/DeferredFileOutputStreamTest.java#L244,https://github.com/apache/commons-io/blob/4077158829de92987367d3149e4ba71356bb5390/src/main/java/org/apache/commons/io/output/ThresholdingOutputStream.java#L126,org.apache.commons.io.output.DeferredFileOutputStreamTest.testTempFileBelowThreshold(),org.apache.commons.io.output.DeferredFileOutputStreamTest.testTempFileBelowThreshold(),org.apache.commons.io.output.DeferredFileOutputStreamTest.testTempFileBelowThreshold(),"org.apache.commons.io.output.ThresholdingOutputStream.write(byte[], int, int)","org.apache.commons.io.output.ThresholdingOutputStream.write(byte[], int, int)","org.apache.commons.io.output.ThresholdingOutputStream.write(byte[], int, int)",#test-code #test-case-method,#main-code,1,1,1,,
commons-io,testTempFileBelowThreshold,DeferredFileOutputStream,https://github.com/apache/commons-io/blob/4077158829de92987367d3149e4ba71356bb5390/src/test/java/org/apache/commons/io/output/DeferredFileOutputStreamTest.java#L244,https://github.com/apache/commons-io/blob/4077158829de92987367d3149e4ba71356bb5390/src/main/java/org/apache/commons/io/output/DeferredFileOutputStream.java#L116,org.apache.commons.io.output.DeferredFileOutputStreamTest.testTempFileBelowThreshold(),org.apache.commons.io.output.DeferredFileOutputStreamTest.testTempFileBelowThreshold(),org.apache.commons.io.output.DeferredFileOutputStreamTest.testTempFileBelowThreshold(),"org.apache.commons.io.output.DeferredFileOutputStream.DeferredFileOutputStream(int, java.lang.String, java.lang.String, java.io.File)","org.apache.commons.io.output.DeferredFileOutputStream.DeferredFileOutputStream(int, String, String, File)","org.apache.commons.io.output.DeferredFileOutputStream.DeferredFileOutputStream(int, String, String, File)",#test-code #test-case-method,#main-code,1,1,,,
commons-io,testTempFileBelowThreshold,getFile,https://github.com/apache/commons-io/blob/4077158829de92987367d3149e4ba71356bb5390/src/test/java/org/apache/commons/io/output/DeferredFileOutputStreamTest.java#L244,https://github.com/apache/commons-io/blob/4077158829de92987367d3149e4ba71356bb5390/src/main/java/org/apache/commons/io/output/DeferredFileOutputStream.java#L239,org.apache.commons.io.output.DeferredFileOutputStreamTest.testTempFileBelowThreshold(),org.apache.commons.io.output.DeferredFileOutputStreamTest.testTempFileBelowThreshold(),org.apache.commons.io.output.DeferredFileOutputStreamTest.testTempFileBelowThreshold(),org.apache.commons.io.output.DeferredFileOutputStream.getFile(),org.apache.commons.io.output.DeferredFileOutputStream.getFile(),org.apache.commons.io.output.DeferredFileOutputStream.getFile(),#test-code #test-case-method,#main-code,1,1,,,
commons-io,testTempFileBelowThreshold,close,https://github.com/apache/commons-io/blob/4077158829de92987367d3149e4ba71356bb5390/src/test/java/org/apache/commons/io/output/DeferredFileOutputStreamTest.java#L244,https://github.com/apache/commons-io/blob/4077158829de92987367d3149e4ba71356bb5390/src/main/java/org/apache/commons/io/output/DeferredFileOutputStream.java#L251,org.apache.commons.io.output.DeferredFileOutputStreamTest.testTempFileBelowThreshold(),org.apache.commons.io.output.DeferredFileOutputStreamTest.testTempFileBelowThreshold(),org.apache.commons.io.output.DeferredFileOutputStreamTest.testTempFileBelowThreshold(),org.apache.commons.io.output.DeferredFileOutputStream.close(),org.apache.commons.io.output.DeferredFileOutputStream.close(),org.apache.commons.io.output.DeferredFileOutputStream.close(),#test-code #test-case-method,#main-code,1,1,,,
commons-io,testTempFileBelowThreshold,isInMemory,https://github.com/apache/commons-io/blob/4077158829de92987367d3149e4ba71356bb5390/src/test/java/org/apache/commons/io/output/DeferredFileOutputStreamTest.java#L244,https://github.com/apache/commons-io/blob/4077158829de92987367d3149e4ba71356bb5390/src/main/java/org/apache/commons/io/output/DeferredFileOutputStream.java#L201,org.apache.commons.io.output.DeferredFileOutputStreamTest.testTempFileBelowThreshold(),org.apache.commons.io.output.DeferredFileOutputStreamTest.testTempFileBelowThreshold(),org.apache.commons.io.output.DeferredFileOutputStreamTest.testTempFileBelowThreshold(),org.apache.commons.io.output.DeferredFileOutputStream.isInMemory(),org.apache.commons.io.output.DeferredFileOutputStream.isInMemory(),org.apache.commons.io.output.DeferredFileOutputStream.isInMemory(),#test-code #test-case-method,#main-code,1,1,,,
commons-io,testCopyDirectoryToDirectory_NonExistingDest,copyDirectoryToDirectory,https://github.com/apache/commons-io/blob/4077158829de92987367d3149e4ba71356bb5390/src/test/java/org/apache/commons/io/FileUtilsTestCase.java#L1294,https://github.com/apache/commons-io/blob/4077158829de92987367d3149e4ba71356bb5390/src/main/java/org/apache/commons/io/FileUtils.java#L1196,org.apache.commons.io.FileUtilsTestCase.testCopyDirectoryToDirectory_NonExistingDest(),org.apache.commons.io.FileUtilsTestCase.testCopyDirectoryToDirectory_NonExistingDest(),org.apache.commons.io.FileUtilsTestCase.testCopyDirectoryToDirectory_NonExistingDest(),"org.apache.commons.io.FileUtils.copyDirectoryToDirectory(java.io.File, java.io.File)","org.apache.commons.io.FileUtils.copyDirectoryToDirectory(File, File)","org.apache.commons.io.FileUtils.copyDirectoryToDirectory(File, File)",#test-code #test-case-method,#main-code,1,1,1,,
commons-io,testCopyDirectoryToDirectory_NonExistingDest,closeQuietly,https://github.com/apache/commons-io/blob/4077158829de92987367d3149e4ba71356bb5390/src/test/java/org/apache/commons/io/FileUtilsTestCase.java#L1294,https://github.com/apache/commons-io/blob/4077158829de92987367d3149e4ba71356bb5390/src/main/java/org/apache/commons/io/IOUtils.java#L297,org.apache.commons.io.FileUtilsTestCase.testCopyDirectoryToDirectory_NonExistingDest(),org.apache.commons.io.FileUtilsTestCase.testCopyDirectoryToDirectory_NonExistingDest(),org.apache.commons.io.FileUtilsTestCase.testCopyDirectoryToDirectory_NonExistingDest(),org.apache.commons.io.IOUtils.closeQuietly(java.io.OutputStream),org.apache.commons.io.IOUtils.closeQuietly(OutputStream),org.apache.commons.io.IOUtils.closeQuietly(BufferedOutputStream),#test-code #test-case-method,#main-code,1,1,,,
commons-io,testCopyDirectoryToDirectory_NonExistingDest,generateTestData,https://github.com/apache/commons-io/blob/4077158829de92987367d3149e4ba71356bb5390/src/test/java/org/apache/commons/io/FileUtilsTestCase.java#L1294,https://github.com/apache/commons-io/blob/4077158829de92987367d3149e4ba71356bb5390/src/test/java/org/apache/commons/io/testtools/TestUtils.java#L64,org.apache.commons.io.FileUtilsTestCase.testCopyDirectoryToDirectory_NonExistingDest(),org.apache.commons.io.FileUtilsTestCase.testCopyDirectoryToDirectory_NonExistingDest(),org.apache.commons.io.FileUtilsTestCase.testCopyDirectoryToDirectory_NonExistingDest(),"org.apache.commons.io.testtools.TestUtils.generateTestData(java.io.OutputStream, long)","org.apache.commons.io.testtools.TestUtils.generateTestData(OutputStream, long)","org.apache.commons.io.testtools.TestUtils.generateTestData(BufferedOutputStream, long)",#test-code #test-case-method,#test-code #test-helper-method,1,1,,,
commons-io,testCopyDirectoryToDirectory_NonExistingDest,getTestDirectory,https://github.com/apache/commons-io/blob/4077158829de92987367d3149e4ba71356bb5390/src/test/java/org/apache/commons/io/FileUtilsTestCase.java#L1294,https://github.com/apache/commons-io/blob/4077158829de92987367d3149e4ba71356bb5390/src/test/java/org/apache/commons/io/testtools/FileBasedTestCase.java#L29,org.apache.commons.io.FileUtilsTestCase.testCopyDirectoryToDirectory_NonExistingDest(),org.apache.commons.io.FileUtilsTestCase.testCopyDirectoryToDirectory_NonExistingDest(),org.apache.commons.io.FileUtilsTestCase.testCopyDirectoryToDirectory_NonExistingDest(),org.apache.commons.io.testtools.FileBasedTestCase.getTestDirectory(),org.apache.commons.io.testtools.FileBasedTestCase.getTestDirectory(),org.apache.commons.io.testtools.FileBasedTestCase.getTestDirectory(),#test-code #test-case-method,#test-code #test-helper-method,1,1,,,
commons-io,testCopyDirectoryToDirectory_NonExistingDest,writeStringToFile,https://github.com/apache/commons-io/blob/4077158829de92987367d3149e4ba71356bb5390/src/test/java/org/apache/commons/io/FileUtilsTestCase.java#L1294,https://github.com/apache/commons-io/blob/4077158829de92987367d3149e4ba71356bb5390/src/main/java/org/apache/commons/io/FileUtils.java#L1962,org.apache.commons.io.FileUtilsTestCase.testCopyDirectoryToDirectory_NonExistingDest(),org.apache.commons.io.FileUtilsTestCase.testCopyDirectoryToDirectory_NonExistingDest(),org.apache.commons.io.FileUtilsTestCase.testCopyDirectoryToDirectory_NonExistingDest(),"org.apache.commons.io.FileUtils.writeStringToFile(java.io.File, java.lang.String, java.lang.String)","org.apache.commons.io.FileUtils.writeStringToFile(File, String, String)","org.apache.commons.io.FileUtils.writeStringToFile(File, String, String)",#test-code #test-case-method,#main-code,1,1,,,
commons-io,testCopyDirectoryToDirectory_NonExistingDest,deleteDirectory,https://github.com/apache/commons-io/blob/4077158829de92987367d3149e4ba71356bb5390/src/test/java/org/apache/commons/io/FileUtilsTestCase.java#L1294,https://github.com/apache/commons-io/blob/4077158829de92987367d3149e4ba71356bb5390/src/main/java/org/apache/commons/io/FileUtils.java#L1569,org.apache.commons.io.FileUtilsTestCase.testCopyDirectoryToDirectory_NonExistingDest(),org.apache.commons.io.FileUtilsTestCase.testCopyDirectoryToDirectory_NonExistingDest(),org.apache.commons.io.FileUtilsTestCase.testCopyDirectoryToDirectory_NonExistingDest(),org.apache.commons.io.FileUtils.deleteDirectory(java.io.File),org.apache.commons.io.FileUtils.deleteDirectory(File),org.apache.commons.io.FileUtils.deleteDirectory(File),#test-code #test-case-method,#main-code,1,1,,,
commons-io,testCopyDirectoryToDirectory_NonExistingDest,getName,https://github.com/apache/commons-io/blob/4077158829de92987367d3149e4ba71356bb5390/src/test/java/org/apache/commons/io/FileUtilsTestCase.java#L1294,https://github.com/apache/commons-io/blob/4077158829de92987367d3149e4ba71356bb5390/src/test/java/org/apache/commons/io/FileUtilsTestCase.java#L147,org.apache.commons.io.FileUtilsTestCase.testCopyDirectoryToDirectory_NonExistingDest(),org.apache.commons.io.FileUtilsTestCase.testCopyDirectoryToDirectory_NonExistingDest(),org.apache.commons.io.FileUtilsTestCase.testCopyDirectoryToDirectory_NonExistingDest(),org.apache.commons.io.FileUtilsTestCase.getName(),org.apache.commons.io.FileUtilsTestCase.getName(),java.io.File.getName(),#test-code #test-case-method,#test-code #test-helper-method,1,1,,,
commons-io,testCopyDirectoryToDirectory_NonExistingDest,sizeOfDirectory,https://github.com/apache/commons-io/blob/4077158829de92987367d3149e4ba71356bb5390/src/test/java/org/apache/commons/io/FileUtilsTestCase.java#L1294,https://github.com/apache/commons-io/blob/4077158829de92987367d3149e4ba71356bb5390/src/main/java/org/apache/commons/io/FileUtils.java#L2578,org.apache.commons.io.FileUtilsTestCase.testCopyDirectoryToDirectory_NonExistingDest(),org.apache.commons.io.FileUtilsTestCase.testCopyDirectoryToDirectory_NonExistingDest(),org.apache.commons.io.FileUtilsTestCase.testCopyDirectoryToDirectory_NonExistingDest(),org.apache.commons.io.FileUtils.sizeOfDirectory(java.io.File),org.apache.commons.io.FileUtils.sizeOfDirectory(File),org.apache.commons.io.FileUtils.sizeOfDirectory(File),#test-code #test-case-method,#main-code,1,1,,,
commons-io,testLargeUTF8WithSingleByteWrite,WriterOutputStream,https://github.com/apache/commons-io/blob/4077158829de92987367d3149e4ba71356bb5390/src/test/java/org/apache/commons/io/output/WriterOutputStreamTest.java#L73,https://github.com/apache/commons-io/blob/4077158829de92987367d3149e4ba71356bb5390/src/main/java/org/apache/commons/io/output/WriterOutputStream.java#L189,org.apache.commons.io.output.WriterOutputStreamTest.testLargeUTF8WithSingleByteWrite(),org.apache.commons.io.output.WriterOutputStreamTest.testLargeUTF8WithSingleByteWrite(),org.apache.commons.io.output.WriterOutputStreamTest.testLargeUTF8WithSingleByteWrite(),"org.apache.commons.io.output.WriterOutputStream.WriterOutputStream(java.io.Writer, java.lang.String)","org.apache.commons.io.output.WriterOutputStream.WriterOutputStream(Writer, String)","org.apache.commons.io.output.WriterOutputStream.WriterOutputStream(Writer, String)",#test-code #test-case-method,#main-code,2,1,1,,
commons-io,testLargeUTF8WithSingleByteWrite,write,https://github.com/apache/commons-io/blob/4077158829de92987367d3149e4ba71356bb5390/src/test/java/org/apache/commons/io/output/WriterOutputStreamTest.java#L73,https://github.com/apache/commons-io/blob/4077158829de92987367d3149e4ba71356bb5390/src/main/java/org/apache/commons/io/output/WriterOutputStream.java#L246,org.apache.commons.io.output.WriterOutputStreamTest.testLargeUTF8WithSingleByteWrite(),org.apache.commons.io.output.WriterOutputStreamTest.testLargeUTF8WithSingleByteWrite(),org.apache.commons.io.output.WriterOutputStreamTest.testLargeUTF8WithSingleByteWrite(),org.apache.commons.io.output.WriterOutputStream.write(int),org.apache.commons.io.output.WriterOutputStream.write(int),org.apache.commons.io.output.WriterOutputStream.write(int),#test-code #test-case-method,#main-code,2,1,1,,
commons-io,testLargeUTF8WithSingleByteWrite,testWithSingleByteWrite,https://github.com/apache/commons-io/blob/4077158829de92987367d3149e4ba71356bb5390/src/test/java/org/apache/commons/io/output/WriterOutputStreamTest.java#L73,https://github.com/apache/commons-io/blob/4077158829de92987367d3149e4ba71356bb5390/src/test/java/org/apache/commons/io/output/WriterOutputStreamTest.java#L42,org.apache.commons.io.output.WriterOutputStreamTest.testLargeUTF8WithSingleByteWrite(),org.apache.commons.io.output.WriterOutputStreamTest.testLargeUTF8WithSingleByteWrite(),org.apache.commons.io.output.WriterOutputStreamTest.testLargeUTF8WithSingleByteWrite(),"org.apache.commons.io.output.WriterOutputStreamTest.testWithSingleByteWrite(java.lang.String, java.lang.String)","org.apache.commons.io.output.WriterOutputStreamTest.testWithSingleByteWrite(String, String)","org.apache.commons.io.output.WriterOutputStreamTest.testWithSingleByteWrite(String, String)",#test-code #test-case-method,#test-code #test-helper-method,1,1,,,
commons-io,testLargeUTF8WithSingleByteWrite,close,https://github.com/apache/commons-io/blob/4077158829de92987367d3149e4ba71356bb5390/src/test/java/org/apache/commons/io/output/WriterOutputStreamTest.java#L73,https://github.com/apache/commons-io/blob/4077158829de92987367d3149e4ba71356bb5390/src/main/java/org/apache/commons/io/output/WriterOutputStream.java#L269,org.apache.commons.io.output.WriterOutputStreamTest.testLargeUTF8WithSingleByteWrite(),org.apache.commons.io.output.WriterOutputStreamTest.testLargeUTF8WithSingleByteWrite(),org.apache.commons.io.output.WriterOutputStreamTest.testLargeUTF8WithSingleByteWrite(),org.apache.commons.io.output.WriterOutputStream.close(),org.apache.commons.io.output.WriterOutputStream.close(),org.apache.commons.io.output.WriterOutputStream.close(),#test-code #test-case-method,#main-code,2,1,,,
commons-io,testClose,close,https://github.com/apache/commons-io/blob/4077158829de92987367d3149e4ba71356bb5390/src/test/java/org/apache/commons/io/input/AutoCloseInputStreamTest.java#L54,https://github.com/apache/commons-io/blob/4077158829de92987367d3149e4ba71356bb5390/src/main/java/org/apache/commons/io/input/AutoCloseInputStream.java#L64,org.apache.commons.io.input.AutoCloseInputStreamTest.testClose(),org.apache.commons.io.input.AutoCloseInputStreamTest.testClose(),org.apache.commons.io.input.AutoCloseInputStreamTest.testClose(),org.apache.commons.io.input.AutoCloseInputStream.close(),org.apache.commons.io.input.AutoCloseInputStream.close(),org.apache.commons.io.input.AutoCloseInputStream.close(),#test-code #test-case-method,#main-code,,0,1,,
commons-io,testClose,close,https://github.com/apache/commons-io/blob/4077158829de92987367d3149e4ba71356bb5390/src/test/java/org/apache/commons/io/input/AutoCloseInputStreamTest.java#L54,https://github.com/apache/commons-io/blob/4077158829de92987367d3149e4ba71356bb5390/src/test/java/org/apache/commons/io/input/AutoCloseInputStreamTest.java#L46,org.apache.commons.io.input.AutoCloseInputStreamTest.testClose(),org.apache.commons.io.input.AutoCloseInputStreamTest.testClose(),org.apache.commons.io.input.AutoCloseInputStreamTest.testClose(),org.apache.commons.io.input.AutoCloseInputStreamTest.$1.close(),org.apache.commons.io.input.AutoCloseInputStreamTest.$1.close(),java.io.InputStream.close(),#test-code #test-case-method,#test-code #test-helper-method,1,1,,,
commons-io,testResetting,getCount,https://github.com/apache/commons-io/blob/4077158829de92987367d3149e4ba71356bb5390/src/test/java/org/apache/commons/io/input/CountingInputStreamTest.java#L106,https://github.com/apache/commons-io/blob/4077158829de92987367d3149e4ba71356bb5390/src/main/java/org/apache/commons/io/input/CountingInputStream.java#L89,org.apache.commons.io.input.CountingInputStreamTest.testResetting(),org.apache.commons.io.input.CountingInputStreamTest.testResetting(),org.apache.commons.io.input.CountingInputStreamTest.testResetting(),org.apache.commons.io.input.CountingInputStream.getCount(),org.apache.commons.io.input.CountingInputStream.getCount(),org.apache.commons.io.input.CountingInputStream.getCount(),#test-code #test-case-method,#main-code,1,1,1,,
commons-io,testResetting,resetCount,https://github.com/apache/commons-io/blob/4077158829de92987367d3149e4ba71356bb5390/src/test/java/org/apache/commons/io/input/CountingInputStreamTest.java#L106,https://github.com/apache/commons-io/blob/4077158829de92987367d3149e4ba71356bb5390/src/main/java/org/apache/commons/io/input/CountingInputStream.java#L107,org.apache.commons.io.input.CountingInputStreamTest.testResetting(),org.apache.commons.io.input.CountingInputStreamTest.testResetting(),org.apache.commons.io.input.CountingInputStreamTest.testResetting(),org.apache.commons.io.input.CountingInputStream.resetCount(),org.apache.commons.io.input.CountingInputStream.resetCount(),org.apache.commons.io.input.CountingInputStream.resetCount(),#test-code #test-case-method,#main-code,1,1,1,,
commons-io,testResetting,read,https://github.com/apache/commons-io/blob/4077158829de92987367d3149e4ba71356bb5390/src/test/java/org/apache/commons/io/input/CountingInputStreamTest.java#L106,https://github.com/apache/commons-io/blob/4077158829de92987367d3149e4ba71356bb5390/src/main/java/org/apache/commons/io/input/ProxyInputStream.java#L97,org.apache.commons.io.input.CountingInputStreamTest.testResetting(),org.apache.commons.io.input.CountingInputStreamTest.testResetting(),org.apache.commons.io.input.CountingInputStreamTest.testResetting(),"org.apache.commons.io.input.ProxyInputStream.read(byte[], int, int)","org.apache.commons.io.input.ProxyInputStream.read(byte[], int, int)","org.apache.commons.io.input.ProxyInputStream.read(byte[], int, int)",#test-code #test-case-method,#main-code,1,1,1,,
commons-io,testResetting,CountingInputStream,https://github.com/apache/commons-io/blob/4077158829de92987367d3149e4ba71356bb5390/src/test/java/org/apache/commons/io/input/CountingInputStreamTest.java#L106,https://github.com/apache/commons-io/blob/4077158829de92987367d3149e4ba71356bb5390/src/main/java/org/apache/commons/io/input/CountingInputStream.java#L43,org.apache.commons.io.input.CountingInputStreamTest.testResetting(),org.apache.commons.io.input.CountingInputStreamTest.testResetting(),org.apache.commons.io.input.CountingInputStreamTest.testResetting(),org.apache.commons.io.input.CountingInputStream.CountingInputStream(java.io.InputStream),org.apache.commons.io.input.CountingInputStream.CountingInputStream(InputStream),org.apache.commons.io.input.CountingInputStream.CountingInputStream(ByteArrayInputStream),#test-code #test-case-method,#main-code,1,1,,,
commons-io,testResetting,close,https://github.com/apache/commons-io/blob/4077158829de92987367d3149e4ba71356bb5390/src/test/java/org/apache/commons/io/input/CountingInputStreamTest.java#L106,https://github.com/apache/commons-io/blob/4077158829de92987367d3149e4ba71356bb5390/src/main/java/org/apache/commons/io/input/ProxyInputStream.java#L145,org.apache.commons.io.input.CountingInputStreamTest.testResetting(),org.apache.commons.io.input.CountingInputStreamTest.testResetting(),org.apache.commons.io.input.CountingInputStreamTest.testResetting(),org.apache.commons.io.input.ProxyInputStream.close(),org.apache.commons.io.input.ProxyInputStream.close(),org.apache.commons.io.input.ProxyInputStream.close(),#test-code #test-case-method,#main-code,1,1,,,
commons-io,testRead_ReadableByteChannel,read,https://github.com/apache/commons-io/blob/4077158829de92987367d3149e4ba71356bb5390/src/test/java/org/apache/commons/io/IOUtilsTestCase.java#L603,https://github.com/apache/commons-io/blob/4077158829de92987367d3149e4ba71356bb5390/src/main/java/org/apache/commons/io/IOUtils.java#L2947,org.apache.commons.io.IOUtilsTestCase.testRead_ReadableByteChannel(),org.apache.commons.io.IOUtilsTestCase.testRead_ReadableByteChannel(),org.apache.commons.io.IOUtilsTestCase.testRead_ReadableByteChannel(),"org.apache.commons.io.IOUtils.read(java.nio.channels.ReadableByteChannel, java.nio.ByteBuffer)","org.apache.commons.io.IOUtils.read(ReadableByteChannel, ByteBuffer)","org.apache.commons.io.IOUtils.read(ReadableByteChannel, ByteBuffer)",#test-code #test-case-method,#main-code,1,1,1,,
commons-io,testRead_ReadableByteChannel,readFully,https://github.com/apache/commons-io/blob/4077158829de92987367d3149e4ba71356bb5390/src/test/java/org/apache/commons/io/IOUtilsTestCase.java#L603,https://github.com/apache/commons-io/blob/4077158829de92987367d3149e4ba71356bb5390/src/main/java/org/apache/commons/io/IOUtils.java#L3070,org.apache.commons.io.IOUtilsTestCase.testRead_ReadableByteChannel(),org.apache.commons.io.IOUtilsTestCase.testRead_ReadableByteChannel(),org.apache.commons.io.IOUtilsTestCase.testRead_ReadableByteChannel(),"org.apache.commons.io.IOUtils.readFully(java.nio.channels.ReadableByteChannel, java.nio.ByteBuffer)","org.apache.commons.io.IOUtils.readFully(ReadableByteChannel, ByteBuffer)","org.apache.commons.io.IOUtils.readFully(ReadableByteChannel, ByteBuffer)",#test-code #test-case-method,#main-code,1,1,1,,
commons-io,testRead_ReadableByteChannel,closeQuietly,https://github.com/apache/commons-io/blob/4077158829de92987367d3149e4ba71356bb5390/src/test/java/org/apache/commons/io/IOUtilsTestCase.java#L603,https://github.com/apache/commons-io/blob/4077158829de92987367d3149e4ba71356bb5390/src/main/java/org/apache/commons/io/IOUtils.java#L389,org.apache.commons.io.IOUtilsTestCase.testRead_ReadableByteChannel(),org.apache.commons.io.IOUtilsTestCase.testRead_ReadableByteChannel(),org.apache.commons.io.IOUtilsTestCase.testRead_ReadableByteChannel(),org.apache.commons.io.IOUtils.closeQuietly(java.io.Closeable...),org.apache.commons.io.IOUtils.closeQuietly(Closeable[]),"org.apache.commons.io.IOUtils.closeQuietly(FileChannel, FileInputStream)",#test-code #test-case-method,#main-code,1,1,,,
commons-io,twoLinesAtEnd,read,https://github.com/apache/commons-io/blob/4077158829de92987367d3149e4ba71356bb5390/src/test/java/org/apache/commons/io/input/WindowsLineEndingInputStreamTest.java#L43,https://github.com/apache/commons-io/blob/4077158829de92987367d3149e4ba71356bb5390/src/main/java/org/apache/commons/io/input/WindowsLineEndingInputStream.java#L72,org.apache.commons.io.input.WindowsLineEndingInputStreamTest.twoLinesAtEnd(),org.apache.commons.io.input.WindowsLineEndingInputStreamTest.twoLinesAtEnd(),org.apache.commons.io.input.WindowsLineEndingInputStreamTest.twoLinesAtEnd(),org.apache.commons.io.input.WindowsLineEndingInputStream.read(),org.apache.commons.io.input.WindowsLineEndingInputStream.read(),org.apache.commons.io.input.WindowsLineEndingInputStream.read(),#test-code #test-case-method,#main-code,3,0,1,,
commons-io,twoLinesAtEnd,roundtrip,https://github.com/apache/commons-io/blob/4077158829de92987367d3149e4ba71356bb5390/src/test/java/org/apache/commons/io/input/WindowsLineEndingInputStreamTest.java#L43,https://github.com/apache/commons-io/blob/4077158829de92987367d3149e4ba71356bb5390/src/test/java/org/apache/commons/io/input/WindowsLineEndingInputStreamTest.java#L65,org.apache.commons.io.input.WindowsLineEndingInputStreamTest.twoLinesAtEnd(),org.apache.commons.io.input.WindowsLineEndingInputStreamTest.twoLinesAtEnd(),org.apache.commons.io.input.WindowsLineEndingInputStreamTest.twoLinesAtEnd(),org.apache.commons.io.input.WindowsLineEndingInputStreamTest.roundtrip(java.lang.String),org.apache.commons.io.input.WindowsLineEndingInputStreamTest.roundtrip(String),org.apache.commons.io.input.WindowsLineEndingInputStreamTest.roundtrip(String),#test-code #test-case-method,#test-code #test-helper-method,1,1,,,
commons-io,twoLinesAtEnd,close,https://github.com/apache/commons-io/blob/4077158829de92987367d3149e4ba71356bb5390/src/test/java/org/apache/commons/io/input/WindowsLineEndingInputStreamTest.java#L43,https://github.com/apache/commons-io/blob/4077158829de92987367d3149e4ba71356bb5390/src/main/java/org/apache/commons/io/input/WindowsLineEndingInputStream.java#L122,org.apache.commons.io.input.WindowsLineEndingInputStreamTest.twoLinesAtEnd(),org.apache.commons.io.input.WindowsLineEndingInputStreamTest.twoLinesAtEnd(),org.apache.commons.io.input.WindowsLineEndingInputStreamTest.twoLinesAtEnd(),org.apache.commons.io.input.WindowsLineEndingInputStream.close(),org.apache.commons.io.input.WindowsLineEndingInputStream.close(),org.apache.commons.io.input.WindowsLineEndingInputStream.close(),#test-code #test-case-method,#main-code,3,1,,,
commons-io,twoLinesAtEnd,WindowsLineEndingInputStream,https://github.com/apache/commons-io/blob/4077158829de92987367d3149e4ba71356bb5390/src/test/java/org/apache/commons/io/input/WindowsLineEndingInputStreamTest.java#L43,https://github.com/apache/commons-io/blob/4077158829de92987367d3149e4ba71356bb5390/src/main/java/org/apache/commons/io/input/WindowsLineEndingInputStream.java#L47,org.apache.commons.io.input.WindowsLineEndingInputStreamTest.twoLinesAtEnd(),org.apache.commons.io.input.WindowsLineEndingInputStreamTest.twoLinesAtEnd(),org.apache.commons.io.input.WindowsLineEndingInputStreamTest.twoLinesAtEnd(),"org.apache.commons.io.input.WindowsLineEndingInputStream.WindowsLineEndingInputStream(java.io.InputStream, boolean)","org.apache.commons.io.input.WindowsLineEndingInputStream.WindowsLineEndingInputStream(InputStream, boolean)","org.apache.commons.io.input.WindowsLineEndingInputStream.WindowsLineEndingInputStream(ByteArrayInputStream, boolean)",#test-code #test-case-method,#main-code,3,1,,,
commons-io,twoLinesAtEnd,roundtrip,https://github.com/apache/commons-io/blob/4077158829de92987367d3149e4ba71356bb5390/src/test/java/org/apache/commons/io/input/WindowsLineEndingInputStreamTest.java#L43,https://github.com/apache/commons-io/blob/4077158829de92987367d3149e4ba71356bb5390/src/test/java/org/apache/commons/io/input/WindowsLineEndingInputStreamTest.java#L69,org.apache.commons.io.input.WindowsLineEndingInputStreamTest.twoLinesAtEnd(),org.apache.commons.io.input.WindowsLineEndingInputStreamTest.twoLinesAtEnd(),org.apache.commons.io.input.WindowsLineEndingInputStreamTest.twoLinesAtEnd(),"org.apache.commons.io.input.WindowsLineEndingInputStreamTest.roundtrip(java.lang.String, boolean)","org.apache.commons.io.input.WindowsLineEndingInputStreamTest.roundtrip(String, boolean)","org.apache.commons.io.input.WindowsLineEndingInputStreamTest.roundtrip(String, boolean)",#test-code #test-case-method,#test-code #test-helper-method,2,1,,,
commons-io,ourTestClassAcceptedFirstWildcard,accept,https://github.com/apache/commons-io/blob/4077158829de92987367d3149e4ba71356bb5390/src/test/java/org/apache/commons/io/serialization/ValidatingObjectInputStreamTest.java#L165,https://github.com/apache/commons-io/blob/4077158829de92987367d3149e4ba71356bb5390/src/main/java/org/apache/commons/io/serialization/ValidatingObjectInputStream.java#L140,org.apache.commons.io.serialization.ValidatingObjectInputStreamTest.ourTestClassAcceptedFirstWildcard(),org.apache.commons.io.serialization.ValidatingObjectInputStreamTest.ourTestClassAcceptedFirstWildcard(),org.apache.commons.io.serialization.ValidatingObjectInputStreamTest.ourTestClassAcceptedFirstWildcard(),org.apache.commons.io.serialization.ValidatingObjectInputStream.accept(java.lang.String...),org.apache.commons.io.serialization.ValidatingObjectInputStream.accept(String[]),org.apache.commons.io.serialization.ValidatingObjectInputStream.accept(String[]),#test-code #test-case-method,#main-code,1,1,1,,
commons-io,ourTestClassAcceptedFirstWildcard,ValidatingObjectInputStream,https://github.com/apache/commons-io/blob/4077158829de92987367d3149e4ba71356bb5390/src/test/java/org/apache/commons/io/serialization/ValidatingObjectInputStreamTest.java#L165,https://github.com/apache/commons-io/blob/4077158829de92987367d3149e4ba71356bb5390/src/main/java/org/apache/commons/io/serialization/ValidatingObjectInputStream.java#L58,org.apache.commons.io.serialization.ValidatingObjectInputStreamTest.ourTestClassAcceptedFirstWildcard(),org.apache.commons.io.serialization.ValidatingObjectInputStreamTest.ourTestClassAcceptedFirstWildcard(),org.apache.commons.io.serialization.ValidatingObjectInputStreamTest.ourTestClassAcceptedFirstWildcard(),org.apache.commons.io.serialization.ValidatingObjectInputStream.ValidatingObjectInputStream(java.io.InputStream),org.apache.commons.io.serialization.ValidatingObjectInputStream.ValidatingObjectInputStream(InputStream),org.apache.commons.io.serialization.ValidatingObjectInputStream.ValidatingObjectInputStream(InputStream),#test-code #test-case-method,#main-code,1,1,,,
commons-io,ourTestClassAcceptedFirstWildcard,willClose,https://github.com/apache/commons-io/blob/4077158829de92987367d3149e4ba71356bb5390/src/test/java/org/apache/commons/io/serialization/ValidatingObjectInputStreamTest.java#L165,https://github.com/apache/commons-io/blob/4077158829de92987367d3149e4ba71356bb5390/src/test/java/org/apache/commons/io/serialization/ClosingBase.java#L35,org.apache.commons.io.serialization.ValidatingObjectInputStreamTest.ourTestClassAcceptedFirstWildcard(),org.apache.commons.io.serialization.ValidatingObjectInputStreamTest.ourTestClassAcceptedFirstWildcard(),org.apache.commons.io.serialization.ValidatingObjectInputStreamTest.ourTestClassAcceptedFirstWildcard(),org.apache.commons.io.serialization.ClosingBase.willClose(T),org.apache.commons.io.serialization.ClosingBase.willClose(T),org.apache.commons.io.serialization.ClosingBase.willClose(ValidatingObjectInputStream),#test-code #test-case-method,#test-code #test-helper-method,1,1,,,
commons-io,ourTestClassAcceptedFirstWildcard,assertSerialization,https://github.com/apache/commons-io/blob/4077158829de92987367d3149e4ba71356bb5390/src/test/java/org/apache/commons/io/serialization/ValidatingObjectInputStreamTest.java#L165,https://github.com/apache/commons-io/blob/4077158829de92987367d3149e4ba71356bb5390/src/test/java/org/apache/commons/io/serialization/ValidatingObjectInputStreamTest.java#L58,org.apache.commons.io.serialization.ValidatingObjectInputStreamTest.ourTestClassAcceptedFirstWildcard(),org.apache.commons.io.serialization.ValidatingObjectInputStreamTest.ourTestClassAcceptedFirstWildcard(),org.apache.commons.io.serialization.ValidatingObjectInputStreamTest.ourTestClassAcceptedFirstWildcard(),org.apache.commons.io.serialization.ValidatingObjectInputStreamTest.assertSerialization(java.io.ObjectInputStream),org.apache.commons.io.serialization.ValidatingObjectInputStreamTest.assertSerialization(ObjectInputStream),org.apache.commons.io.serialization.ValidatingObjectInputStreamTest.assertSerialization(ValidatingObjectInputStream),#test-code #test-case-method,#test-code #test-helper-method,1,1,,,
commons-io,testWriteStringBuilder,getAppendable,https://github.com/apache/commons-io/blob/4077158829de92987367d3149e4ba71356bb5390/src/test/java/org/apache/commons/io/output/AppendableOutputStreamTest.java#L39,https://github.com/apache/commons-io/blob/4077158829de92987367d3149e4ba71356bb5390/src/main/java/org/apache/commons/io/output/AppendableOutputStream.java#L62,org.apache.commons.io.output.AppendableOutputStreamTest.testWriteStringBuilder(),org.apache.commons.io.output.AppendableOutputStreamTest.testWriteStringBuilder(),org.apache.commons.io.output.AppendableOutputStreamTest.testWriteStringBuilder(),org.apache.commons.io.output.AppendableOutputStream.getAppendable(),org.apache.commons.io.output.AppendableOutputStream.getAppendable(),org.apache.commons.io.output.AppendableOutputStream.getAppendable(),#test-code #test-case-method,#main-code,1,1,1,,
commons-io,testWriteStringBuilder,write,https://github.com/apache/commons-io/blob/4077158829de92987367d3149e4ba71356bb5390/src/test/java/org/apache/commons/io/output/AppendableOutputStreamTest.java#L39,https://github.com/apache/commons-io/blob/4077158829de92987367d3149e4ba71356bb5390/src/main/java/org/apache/commons/io/output/AppendableOutputStream.java#L53,org.apache.commons.io.output.AppendableOutputStreamTest.testWriteStringBuilder(),org.apache.commons.io.output.AppendableOutputStreamTest.testWriteStringBuilder(),org.apache.commons.io.output.AppendableOutputStreamTest.testWriteStringBuilder(),org.apache.commons.io.output.AppendableOutputStream.write(int),org.apache.commons.io.output.AppendableOutputStream.write(int),org.apache.commons.io.output.AppendableOutputStream.write(int),#test-code #test-case-method,#main-code,1,1,1,,
commons-io,testWriteNullBaSucceeds,write,https://github.com/apache/commons-io/blob/4077158829de92987367d3149e4ba71356bb5390/src/test/java/org/apache/commons/io/output/ProxyOutputStreamTest.java#L57,https://github.com/apache/commons-io/blob/4077158829de92987367d3149e4ba71356bb5390/src/main/java/org/apache/commons/io/output/ProxyOutputStream.java#L68,org.apache.commons.io.output.ProxyOutputStreamTest.testWriteNullBaSucceeds(),org.apache.commons.io.output.ProxyOutputStreamTest.testWriteNullBaSucceeds(),org.apache.commons.io.output.ProxyOutputStreamTest.testWriteNullBaSucceeds(),org.apache.commons.io.output.ProxyOutputStream.write(byte[]),org.apache.commons.io.output.ProxyOutputStream.write(byte[]),org.apache.commons.io.output.ProxyOutputStream.write(byte[]),#test-code #test-case-method,#main-code,,0,1,,
commons-io,testWriteNullBaSucceeds,write,https://github.com/apache/commons-io/blob/4077158829de92987367d3149e4ba71356bb5390/src/test/java/org/apache/commons/io/output/ProxyOutputStreamTest.java#L57,https://github.com/apache/commons-io/blob/4077158829de92987367d3149e4ba71356bb5390/src/test/java/org/apache/commons/io/output/ProxyOutputStreamTest.java#L40,org.apache.commons.io.output.ProxyOutputStreamTest.testWriteNullBaSucceeds(),org.apache.commons.io.output.ProxyOutputStreamTest.testWriteNullBaSucceeds(),org.apache.commons.io.output.ProxyOutputStreamTest.testWriteNullBaSucceeds(),org.apache.commons.io.output.ProxyOutputStreamTest.$1.write(byte[]),org.apache.commons.io.output.ProxyOutputStreamTest.$1.write(byte[]),java.io.OutputStream.write(byte[]),#test-code #test-case-method,#test-code #test-helper-method,1,1,,,
commons-io,testWriteLines_3argsWithAppendOptionTrue_ShouldNotDeletePreviousFileLines,readFileToString,https://github.com/apache/commons-io/blob/4077158829de92987367d3149e4ba71356bb5390/src/test/java/org/apache/commons/io/FileUtilsTestCase.java#L2186,https://github.com/apache/commons-io/blob/4077158829de92987367d3149e4ba71356bb5390/src/main/java/org/apache/commons/io/FileUtils.java#L1799,org.apache.commons.io.FileUtilsTestCase.testWriteLines_3argsWithAppendOptionTrue_ShouldNotDeletePreviousFileLines(),org.apache.commons.io.FileUtilsTestCase.testWriteLines_3argsWithAppendOptionTrue_ShouldNotDeletePreviousFileLines(),org.apache.commons.io.FileUtilsTestCase.testWriteLines_3argsWithAppendOptionTrue_ShouldNotDeletePreviousFileLines(),org.apache.commons.io.FileUtils.readFileToString(java.io.File),org.apache.commons.io.FileUtils.readFileToString(File),org.apache.commons.io.FileUtils.readFileToString(File),#test-code #test-case-method,#main-code,1,1,1,,
commons-io,testWriteLines_3argsWithAppendOptionTrue_ShouldNotDeletePreviousFileLines,writeLines,https://github.com/apache/commons-io/blob/4077158829de92987367d3149e4ba71356bb5390/src/test/java/org/apache/commons/io/FileUtilsTestCase.java#L2186,https://github.com/apache/commons-io/blob/4077158829de92987367d3149e4ba71356bb5390/src/main/java/org/apache/commons/io/FileUtils.java#L2266,org.apache.commons.io.FileUtilsTestCase.testWriteLines_3argsWithAppendOptionTrue_ShouldNotDeletePreviousFileLines(),org.apache.commons.io.FileUtilsTestCase.testWriteLines_3argsWithAppendOptionTrue_ShouldNotDeletePreviousFileLines(),org.apache.commons.io.FileUtilsTestCase.testWriteLines_3argsWithAppendOptionTrue_ShouldNotDeletePreviousFileLines(),"org.apache.commons.io.FileUtils.writeLines(java.io.File, java.util.Collection<?>, boolean)","org.apache.commons.io.FileUtils.writeLines(File, Collection, boolean)","org.apache.commons.io.FileUtils.writeLines(File, Collection, boolean)",#test-code #test-case-method,#main-code,1,1,1,,
commons-io,testWriteLines_3argsWithAppendOptionTrue_ShouldNotDeletePreviousFileLines,writeStringToFile,https://github.com/apache/commons-io/blob/4077158829de92987367d3149e4ba71356bb5390/src/test/java/org/apache/commons/io/FileUtilsTestCase.java#L2186,https://github.com/apache/commons-io/blob/4077158829de92987367d3149e4ba71356bb5390/src/main/java/org/apache/commons/io/FileUtils.java#L2016,org.apache.commons.io.FileUtilsTestCase.testWriteLines_3argsWithAppendOptionTrue_ShouldNotDeletePreviousFileLines(),org.apache.commons.io.FileUtilsTestCase.testWriteLines_3argsWithAppendOptionTrue_ShouldNotDeletePreviousFileLines(),org.apache.commons.io.FileUtilsTestCase.testWriteLines_3argsWithAppendOptionTrue_ShouldNotDeletePreviousFileLines(),"org.apache.commons.io.FileUtils.writeStringToFile(java.io.File, java.lang.String)","org.apache.commons.io.FileUtils.writeStringToFile(File, String)","org.apache.commons.io.FileUtils.writeStringToFile(File, String)",#test-code #test-case-method,#main-code,1,1,1,,
commons-io,testWriteLines_3argsWithAppendOptionTrue_ShouldNotDeletePreviousFileLines,getTestDirectory,https://github.com/apache/commons-io/blob/4077158829de92987367d3149e4ba71356bb5390/src/test/java/org/apache/commons/io/FileUtilsTestCase.java#L2186,https://github.com/apache/commons-io/blob/4077158829de92987367d3149e4ba71356bb5390/src/test/java/org/apache/commons/io/testtools/FileBasedTestCase.java#L29,org.apache.commons.io.FileUtilsTestCase.testWriteLines_3argsWithAppendOptionTrue_ShouldNotDeletePreviousFileLines(),org.apache.commons.io.FileUtilsTestCase.testWriteLines_3argsWithAppendOptionTrue_ShouldNotDeletePreviousFileLines(),org.apache.commons.io.FileUtilsTestCase.testWriteLines_3argsWithAppendOptionTrue_ShouldNotDeletePreviousFileLines(),org.apache.commons.io.testtools.FileBasedTestCase.getTestDirectory(),org.apache.commons.io.testtools.FileBasedTestCase.getTestDirectory(),org.apache.commons.io.testtools.FileBasedTestCase.getTestDirectory(),#test-code #test-case-method,#test-code #test-helper-method,1,1,,,
commons-io,testWriteLines_3argsWithAppendOptionTrue_ShouldNotDeletePreviousFileLines,newFile,https://github.com/apache/commons-io/blob/4077158829de92987367d3149e4ba71356bb5390/src/test/java/org/apache/commons/io/FileUtilsTestCase.java#L2186,https://github.com/apache/commons-io/blob/4077158829de92987367d3149e4ba71356bb5390/src/test/java/org/apache/commons/io/testtools/TestUtils.java#L88,org.apache.commons.io.FileUtilsTestCase.testWriteLines_3argsWithAppendOptionTrue_ShouldNotDeletePreviousFileLines(),org.apache.commons.io.FileUtilsTestCase.testWriteLines_3argsWithAppendOptionTrue_ShouldNotDeletePreviousFileLines(),org.apache.commons.io.FileUtilsTestCase.testWriteLines_3argsWithAppendOptionTrue_ShouldNotDeletePreviousFileLines(),"org.apache.commons.io.testtools.TestUtils.newFile(java.io.File, java.lang.String)","org.apache.commons.io.testtools.TestUtils.newFile(File, String)","org.apache.commons.io.testtools.TestUtils.newFile(File, String)",#test-code #test-case-method,#test-code #test-helper-method,1,1,,,
commons-io,testWriteLines_3argsWithAppendOptionTrue_ShouldNotDeletePreviousFileLines,forceDelete,https://github.com/apache/commons-io/blob/4077158829de92987367d3149e4ba71356bb5390/src/test/java/org/apache/commons/io/FileUtilsTestCase.java#L2186,https://github.com/apache/commons-io/blob/4077158829de92987367d3149e4ba71356bb5390/src/main/java/org/apache/commons/io/FileUtils.java#L2370,org.apache.commons.io.FileUtilsTestCase.testWriteLines_3argsWithAppendOptionTrue_ShouldNotDeletePreviousFileLines(),org.apache.commons.io.FileUtilsTestCase.testWriteLines_3argsWithAppendOptionTrue_ShouldNotDeletePreviousFileLines(),org.apache.commons.io.FileUtilsTestCase.testWriteLines_3argsWithAppendOptionTrue_ShouldNotDeletePreviousFileLines(),org.apache.commons.io.FileUtils.forceDelete(java.io.File),org.apache.commons.io.FileUtils.forceDelete(File),org.apache.commons.io.FileUtils.forceDelete(File),#test-code #test-case-method,#main-code,2,1,,,
commons-io,testWriteLines_4argsWithAppendOptionTrue_ShouldNotDeletePreviousFileLines,readFileToString,https://github.com/apache/commons-io/blob/4077158829de92987367d3149e4ba71356bb5390/src/test/java/org/apache/commons/io/FileUtilsTestCase.java#L2123,https://github.com/apache/commons-io/blob/4077158829de92987367d3149e4ba71356bb5390/src/main/java/org/apache/commons/io/FileUtils.java#L1799,org.apache.commons.io.FileUtilsTestCase.testWriteLines_4argsWithAppendOptionTrue_ShouldNotDeletePreviousFileLines(),org.apache.commons.io.FileUtilsTestCase.testWriteLines_4argsWithAppendOptionTrue_ShouldNotDeletePreviousFileLines(),org.apache.commons.io.FileUtilsTestCase.testWriteLines_4argsWithAppendOptionTrue_ShouldNotDeletePreviousFileLines(),org.apache.commons.io.FileUtils.readFileToString(java.io.File),org.apache.commons.io.FileUtils.readFileToString(File),org.apache.commons.io.FileUtils.readFileToString(File),#test-code #test-case-method,#main-code,1,1,1,,
commons-io,testWriteLines_4argsWithAppendOptionTrue_ShouldNotDeletePreviousFileLines,writeLines,https://github.com/apache/commons-io/blob/4077158829de92987367d3149e4ba71356bb5390/src/test/java/org/apache/commons/io/FileUtilsTestCase.java#L2123,https://github.com/apache/commons-io/blob/4077158829de92987367d3149e4ba71356bb5390/src/main/java/org/apache/commons/io/FileUtils.java#L2349,org.apache.commons.io.FileUtilsTestCase.testWriteLines_4argsWithAppendOptionTrue_ShouldNotDeletePreviousFileLines(),org.apache.commons.io.FileUtilsTestCase.testWriteLines_4argsWithAppendOptionTrue_ShouldNotDeletePreviousFileLines(),org.apache.commons.io.FileUtilsTestCase.testWriteLines_4argsWithAppendOptionTrue_ShouldNotDeletePreviousFileLines(),"org.apache.commons.io.FileUtils.writeLines(java.io.File, java.util.Collection<?>, java.lang.String, boolean)","org.apache.commons.io.FileUtils.writeLines(File, Collection, String, boolean)","org.apache.commons.io.FileUtils.writeLines(File, Collection, String, boolean)",#test-code #test-case-method,#main-code,1,1,1,,
commons-io,testWriteLines_4argsWithAppendOptionTrue_ShouldNotDeletePreviousFileLines,writeStringToFile,https://github.com/apache/commons-io/blob/4077158829de92987367d3149e4ba71356bb5390/src/test/java/org/apache/commons/io/FileUtilsTestCase.java#L2123,https://github.com/apache/commons-io/blob/4077158829de92987367d3149e4ba71356bb5390/src/main/java/org/apache/commons/io/FileUtils.java#L2016,org.apache.commons.io.FileUtilsTestCase.testWriteLines_4argsWithAppendOptionTrue_ShouldNotDeletePreviousFileLines(),org.apache.commons.io.FileUtilsTestCase.testWriteLines_4argsWithAppendOptionTrue_ShouldNotDeletePreviousFileLines(),org.apache.commons.io.FileUtilsTestCase.testWriteLines_4argsWithAppendOptionTrue_ShouldNotDeletePreviousFileLines(),"org.apache.commons.io.FileUtils.writeStringToFile(java.io.File, java.lang.String)","org.apache.commons.io.FileUtils.writeStringToFile(File, String)","org.apache.commons.io.FileUtils.writeStringToFile(File, String)",#test-code #test-case-method,#main-code,1,1,1,,
commons-io,testWriteLines_4argsWithAppendOptionTrue_ShouldNotDeletePreviousFileLines,getTestDirectory,https://github.com/apache/commons-io/blob/4077158829de92987367d3149e4ba71356bb5390/src/test/java/org/apache/commons/io/FileUtilsTestCase.java#L2123,https://github.com/apache/commons-io/blob/4077158829de92987367d3149e4ba71356bb5390/src/test/java/org/apache/commons/io/testtools/FileBasedTestCase.java#L29,org.apache.commons.io.FileUtilsTestCase.testWriteLines_4argsWithAppendOptionTrue_ShouldNotDeletePreviousFileLines(),org.apache.commons.io.FileUtilsTestCase.testWriteLines_4argsWithAppendOptionTrue_ShouldNotDeletePreviousFileLines(),org.apache.commons.io.FileUtilsTestCase.testWriteLines_4argsWithAppendOptionTrue_ShouldNotDeletePreviousFileLines(),org.apache.commons.io.testtools.FileBasedTestCase.getTestDirectory(),org.apache.commons.io.testtools.FileBasedTestCase.getTestDirectory(),org.apache.commons.io.testtools.FileBasedTestCase.getTestDirectory(),#test-code #test-case-method,#test-code #test-helper-method,1,1,,,
commons-io,testWriteLines_4argsWithAppendOptionTrue_ShouldNotDeletePreviousFileLines,newFile,https://github.com/apache/commons-io/blob/4077158829de92987367d3149e4ba71356bb5390/src/test/java/org/apache/commons/io/FileUtilsTestCase.java#L2123,https://github.com/apache/commons-io/blob/4077158829de92987367d3149e4ba71356bb5390/src/test/java/org/apache/commons/io/testtools/TestUtils.java#L88,org.apache.commons.io.FileUtilsTestCase.testWriteLines_4argsWithAppendOptionTrue_ShouldNotDeletePreviousFileLines(),org.apache.commons.io.FileUtilsTestCase.testWriteLines_4argsWithAppendOptionTrue_ShouldNotDeletePreviousFileLines(),org.apache.commons.io.FileUtilsTestCase.testWriteLines_4argsWithAppendOptionTrue_ShouldNotDeletePreviousFileLines(),"org.apache.commons.io.testtools.TestUtils.newFile(java.io.File, java.lang.String)","org.apache.commons.io.testtools.TestUtils.newFile(File, String)","org.apache.commons.io.testtools.TestUtils.newFile(File, String)",#test-code #test-case-method,#test-code #test-helper-method,1,1,,,
commons-io,testWriteLines_4argsWithAppendOptionTrue_ShouldNotDeletePreviousFileLines,forceDelete,https://github.com/apache/commons-io/blob/4077158829de92987367d3149e4ba71356bb5390/src/test/java/org/apache/commons/io/FileUtilsTestCase.java#L2123,https://github.com/apache/commons-io/blob/4077158829de92987367d3149e4ba71356bb5390/src/main/java/org/apache/commons/io/FileUtils.java#L2370,org.apache.commons.io.FileUtilsTestCase.testWriteLines_4argsWithAppendOptionTrue_ShouldNotDeletePreviousFileLines(),org.apache.commons.io.FileUtilsTestCase.testWriteLines_4argsWithAppendOptionTrue_ShouldNotDeletePreviousFileLines(),org.apache.commons.io.FileUtilsTestCase.testWriteLines_4argsWithAppendOptionTrue_ShouldNotDeletePreviousFileLines(),org.apache.commons.io.FileUtils.forceDelete(java.io.File),org.apache.commons.io.FileUtils.forceDelete(File),org.apache.commons.io.FileUtils.forceDelete(File),#test-code #test-case-method,#main-code,2,1,,,
commons-io,testWriteLines_5argsWithAppendOptionFalse_ShouldDeletePreviousFileLines,readFileToString,https://github.com/apache/commons-io/blob/4077158829de92987367d3149e4ba71356bb5390/src/test/java/org/apache/commons/io/FileUtilsTestCase.java#L2108,https://github.com/apache/commons-io/blob/4077158829de92987367d3149e4ba71356bb5390/src/main/java/org/apache/commons/io/FileUtils.java#L1799,org.apache.commons.io.FileUtilsTestCase.testWriteLines_5argsWithAppendOptionFalse_ShouldDeletePreviousFileLines(),org.apache.commons.io.FileUtilsTestCase.testWriteLines_5argsWithAppendOptionFalse_ShouldDeletePreviousFileLines(),org.apache.commons.io.FileUtilsTestCase.testWriteLines_5argsWithAppendOptionFalse_ShouldDeletePreviousFileLines(),org.apache.commons.io.FileUtils.readFileToString(java.io.File),org.apache.commons.io.FileUtils.readFileToString(File),org.apache.commons.io.FileUtils.readFileToString(File),#test-code #test-case-method,#main-code,1,1,1,,
commons-io,testWriteLines_5argsWithAppendOptionFalse_ShouldDeletePreviousFileLines,writeLines,https://github.com/apache/commons-io/blob/4077158829de92987367d3149e4ba71356bb5390/src/test/java/org/apache/commons/io/FileUtilsTestCase.java#L2108,https://github.com/apache/commons-io/blob/4077158829de92987367d3149e4ba71356bb5390/src/main/java/org/apache/commons/io/FileUtils.java#L2306,org.apache.commons.io.FileUtilsTestCase.testWriteLines_5argsWithAppendOptionFalse_ShouldDeletePreviousFileLines(),org.apache.commons.io.FileUtilsTestCase.testWriteLines_5argsWithAppendOptionFalse_ShouldDeletePreviousFileLines(),org.apache.commons.io.FileUtilsTestCase.testWriteLines_5argsWithAppendOptionFalse_ShouldDeletePreviousFileLines(),"org.apache.commons.io.FileUtils.writeLines(java.io.File, java.lang.String, java.util.Collection<?>, java.lang.String, boolean)","org.apache.commons.io.FileUtils.writeLines(File, String, Collection, String, boolean)","org.apache.commons.io.FileUtils.writeLines(File, String, Collection, String, boolean)",#test-code #test-case-method,#main-code,1,1,1,,
commons-io,testWriteLines_5argsWithAppendOptionFalse_ShouldDeletePreviousFileLines,writeStringToFile,https://github.com/apache/commons-io/blob/4077158829de92987367d3149e4ba71356bb5390/src/test/java/org/apache/commons/io/FileUtilsTestCase.java#L2108,https://github.com/apache/commons-io/blob/4077158829de92987367d3149e4ba71356bb5390/src/main/java/org/apache/commons/io/FileUtils.java#L2016,org.apache.commons.io.FileUtilsTestCase.testWriteLines_5argsWithAppendOptionFalse_ShouldDeletePreviousFileLines(),org.apache.commons.io.FileUtilsTestCase.testWriteLines_5argsWithAppendOptionFalse_ShouldDeletePreviousFileLines(),org.apache.commons.io.FileUtilsTestCase.testWriteLines_5argsWithAppendOptionFalse_ShouldDeletePreviousFileLines(),"org.apache.commons.io.FileUtils.writeStringToFile(java.io.File, java.lang.String)","org.apache.commons.io.FileUtils.writeStringToFile(File, String)","org.apache.commons.io.FileUtils.writeStringToFile(File, String)",#test-code #test-case-method,#main-code,1,1,1,,
commons-io,testWriteLines_5argsWithAppendOptionFalse_ShouldDeletePreviousFileLines,getTestDirectory,https://github.com/apache/commons-io/blob/4077158829de92987367d3149e4ba71356bb5390/src/test/java/org/apache/commons/io/FileUtilsTestCase.java#L2108,https://github.com/apache/commons-io/blob/4077158829de92987367d3149e4ba71356bb5390/src/test/java/org/apache/commons/io/testtools/FileBasedTestCase.java#L29,org.apache.commons.io.FileUtilsTestCase.testWriteLines_5argsWithAppendOptionFalse_ShouldDeletePreviousFileLines(),org.apache.commons.io.FileUtilsTestCase.testWriteLines_5argsWithAppendOptionFalse_ShouldDeletePreviousFileLines(),org.apache.commons.io.FileUtilsTestCase.testWriteLines_5argsWithAppendOptionFalse_ShouldDeletePreviousFileLines(),org.apache.commons.io.testtools.FileBasedTestCase.getTestDirectory(),org.apache.commons.io.testtools.FileBasedTestCase.getTestDirectory(),org.apache.commons.io.testtools.FileBasedTestCase.getTestDirectory(),#test-code #test-case-method,#test-code #test-helper-method,1,1,,,
commons-io,testWriteLines_5argsWithAppendOptionFalse_ShouldDeletePreviousFileLines,newFile,https://github.com/apache/commons-io/blob/4077158829de92987367d3149e4ba71356bb5390/src/test/java/org/apache/commons/io/FileUtilsTestCase.java#L2108,https://github.com/apache/commons-io/blob/4077158829de92987367d3149e4ba71356bb5390/src/test/java/org/apache/commons/io/testtools/TestUtils.java#L88,org.apache.commons.io.FileUtilsTestCase.testWriteLines_5argsWithAppendOptionFalse_ShouldDeletePreviousFileLines(),org.apache.commons.io.FileUtilsTestCase.testWriteLines_5argsWithAppendOptionFalse_ShouldDeletePreviousFileLines(),org.apache.commons.io.FileUtilsTestCase.testWriteLines_5argsWithAppendOptionFalse_ShouldDeletePreviousFileLines(),"org.apache.commons.io.testtools.TestUtils.newFile(java.io.File, java.lang.String)","org.apache.commons.io.testtools.TestUtils.newFile(File, String)","org.apache.commons.io.testtools.TestUtils.newFile(File, String)",#test-code #test-case-method,#test-code #test-helper-method,1,1,,,
commons-io,testWriteLines_5argsWithAppendOptionFalse_ShouldDeletePreviousFileLines,forceDelete,https://github.com/apache/commons-io/blob/4077158829de92987367d3149e4ba71356bb5390/src/test/java/org/apache/commons/io/FileUtilsTestCase.java#L2108,https://github.com/apache/commons-io/blob/4077158829de92987367d3149e4ba71356bb5390/src/main/java/org/apache/commons/io/FileUtils.java#L2370,org.apache.commons.io.FileUtilsTestCase.testWriteLines_5argsWithAppendOptionFalse_ShouldDeletePreviousFileLines(),org.apache.commons.io.FileUtilsTestCase.testWriteLines_5argsWithAppendOptionFalse_ShouldDeletePreviousFileLines(),org.apache.commons.io.FileUtilsTestCase.testWriteLines_5argsWithAppendOptionFalse_ShouldDeletePreviousFileLines(),org.apache.commons.io.FileUtils.forceDelete(java.io.File),org.apache.commons.io.FileUtils.forceDelete(File),org.apache.commons.io.FileUtils.forceDelete(File),#test-code #test-case-method,#main-code,2,1,,,
commons-io,testAppendChar,append,https://github.com/apache/commons-io/blob/4077158829de92987367d3149e4ba71356bb5390/src/test/java/org/apache/commons/io/output/StringBuilderWriterTest.java#L64,https://github.com/apache/commons-io/blob/4077158829de92987367d3149e4ba71356bb5390/src/main/java/org/apache/commons/io/output/StringBuilderWriter.java#L73,org.apache.commons.io.output.StringBuilderWriterTest.testAppendChar(),org.apache.commons.io.output.StringBuilderWriterTest.testAppendChar(),org.apache.commons.io.output.StringBuilderWriterTest.testAppendChar(),org.apache.commons.io.output.StringBuilderWriter.append(char),org.apache.commons.io.output.StringBuilderWriter.append(char),org.apache.commons.io.output.StringBuilderWriter.append(char),#test-code #test-case-method,#main-code,,0,1,,
commons-io,testAppendChar,StringBuilderWriter,https://github.com/apache/commons-io/blob/4077158829de92987367d3149e4ba71356bb5390/src/test/java/org/apache/commons/io/output/StringBuilderWriterTest.java#L64,https://github.com/apache/commons-io/blob/4077158829de92987367d3149e4ba71356bb5390/src/main/java/org/apache/commons/io/output/StringBuilderWriter.java#L42,org.apache.commons.io.output.StringBuilderWriterTest.testAppendChar(),org.apache.commons.io.output.StringBuilderWriterTest.testAppendChar(),org.apache.commons.io.output.StringBuilderWriterTest.testAppendChar(),org.apache.commons.io.output.StringBuilderWriter.StringBuilderWriter(),org.apache.commons.io.output.StringBuilderWriter.StringBuilderWriter(),org.apache.commons.io.output.StringBuilderWriter.StringBuilderWriter(),#test-code #test-case-method,#main-code,1,1,,,
commons-io,testIO300,moveDirectoryToDirectory,https://github.com/apache/commons-io/blob/4077158829de92987367d3149e4ba71356bb5390/src/test/java/org/apache/commons/io/FileUtilsTestCase.java#L3002,https://github.com/apache/commons-io/blob/4077158829de92987367d3149e4ba71356bb5390/src/main/java/org/apache/commons/io/FileUtils.java#L2937,org.apache.commons.io.FileUtilsTestCase.testIO300(),org.apache.commons.io.FileUtilsTestCase.testIO300(),org.apache.commons.io.FileUtilsTestCase.testIO300(),"org.apache.commons.io.FileUtils.moveDirectoryToDirectory(java.io.File, java.io.File, boolean)","org.apache.commons.io.FileUtils.moveDirectoryToDirectory(File, File, boolean)","org.apache.commons.io.FileUtils.moveDirectoryToDirectory(File, File, boolean)",#test-code #test-case-method,#main-code,1,1,1,,
commons-io,testIO300,getTestDirectory,https://github.com/apache/commons-io/blob/4077158829de92987367d3149e4ba71356bb5390/src/test/java/org/apache/commons/io/FileUtilsTestCase.java#L3002,https://github.com/apache/commons-io/blob/4077158829de92987367d3149e4ba71356bb5390/src/test/java/org/apache/commons/io/testtools/FileBasedTestCase.java#L29,org.apache.commons.io.FileUtilsTestCase.testIO300(),org.apache.commons.io.FileUtilsTestCase.testIO300(),org.apache.commons.io.FileUtilsTestCase.testIO300(),org.apache.commons.io.testtools.FileBasedTestCase.getTestDirectory(),org.apache.commons.io.testtools.FileBasedTestCase.getTestDirectory(),org.apache.commons.io.testtools.FileBasedTestCase.getTestDirectory(),#test-code #test-case-method,#test-code #test-helper-method,1,1,,,
commons-io,testGetPathNoEndSeparator_with_null_byte,getPathNoEndSeparator,https://github.com/apache/commons-io/blob/4077158829de92987367d3149e4ba71356bb5390/src/test/java/org/apache/commons/io/FilenameUtilsTestCase.java#L737,https://github.com/apache/commons-io/blob/4077158829de92987367d3149e4ba71356bb5390/src/main/java/org/apache/commons/io/FilenameUtils.java#L830,org.apache.commons.io.FilenameUtilsTestCase.testGetPathNoEndSeparator_with_null_byte(),org.apache.commons.io.FilenameUtilsTestCase.testGetPathNoEndSeparator_with_null_byte(),org.apache.commons.io.FilenameUtilsTestCase.testGetPathNoEndSeparator_with_null_byte(),org.apache.commons.io.FilenameUtils.getPathNoEndSeparator(java.lang.String),org.apache.commons.io.FilenameUtils.getPathNoEndSeparator(String),org.apache.commons.io.FilenameUtils.getPathNoEndSeparator(String),#test-code #test-case-method,#main-code,1,1,1,,
commons-io,testCancel,handleCancelled,https://github.com/apache/commons-io/blob/4077158829de92987367d3149e4ba71356bb5390/src/test/java/org/apache/commons/io/DirectoryWalkerTestCase.java#L281,https://github.com/apache/commons-io/blob/4077158829de92987367d3149e4ba71356bb5390/src/main/java/org/apache/commons/io/DirectoryWalker.java#L454,org.apache.commons.io.DirectoryWalkerTestCase.testCancel(),org.apache.commons.io.DirectoryWalkerTestCase.testCancel(),org.apache.commons.io.DirectoryWalkerTestCase.testCancel(),"org.apache.commons.io.DirectoryWalker.handleCancelled(java.io.File, java.util.Collection<T>, org.apache.commons.io.DirectoryWalker.CancelException)","org.apache.commons.io.DirectoryWalker.handleCancelled(File, Collection, CancelException)","org.apache.commons.io.DirectoryWalker.handleCancelled(File, Collection, CancelException)",#test-code #test-case-method,#main-code,,0,1,,
commons-io,testCancel,walk,https://github.com/apache/commons-io/blob/4077158829de92987367d3149e4ba71356bb5390/src/test/java/org/apache/commons/io/DirectoryWalkerTestCase.java#L281,https://github.com/apache/commons-io/blob/4077158829de92987367d3149e4ba71356bb5390/src/main/java/org/apache/commons/io/DirectoryWalker.java#L329,org.apache.commons.io.DirectoryWalkerTestCase.testCancel(),org.apache.commons.io.DirectoryWalkerTestCase.testCancel(),org.apache.commons.io.DirectoryWalkerTestCase.testCancel(),"org.apache.commons.io.DirectoryWalker.walk(java.io.File, java.util.Collection<T>)","org.apache.commons.io.DirectoryWalker.walk(File, Collection)","org.apache.commons.io.DirectoryWalker.walk(File, Collection)",#test-code #test-case-method,#main-code,2,1,1,,
commons-io,testCancel,getFile,https://github.com/apache/commons-io/blob/4077158829de92987367d3149e4ba71356bb5390/src/test/java/org/apache/commons/io/DirectoryWalkerTestCase.java#L281,https://github.com/apache/commons-io/blob/4077158829de92987367d3149e4ba71356bb5390/src/main/java/org/apache/commons/io/DirectoryWalker.java#L629,org.apache.commons.io.DirectoryWalkerTestCase.testCancel(),org.apache.commons.io.DirectoryWalkerTestCase.testCancel(),org.apache.commons.io.DirectoryWalkerTestCase.testCancel(),org.apache.commons.io.DirectoryWalker.CancelException.getFile(),org.apache.commons.io.DirectoryWalker.CancelException.getFile(),org.apache.commons.io.DirectoryWalker.CancelException.getFile(),#test-code #test-case-method,#main-code,1,1,,,
commons-io,testCancel,getDepth,https://github.com/apache/commons-io/blob/4077158829de92987367d3149e4ba71356bb5390/src/test/java/org/apache/commons/io/DirectoryWalkerTestCase.java#L281,https://github.com/apache/commons-io/blob/4077158829de92987367d3149e4ba71356bb5390/src/main/java/org/apache/commons/io/DirectoryWalker.java#L638,org.apache.commons.io.DirectoryWalkerTestCase.testCancel(),org.apache.commons.io.DirectoryWalkerTestCase.testCancel(),org.apache.commons.io.DirectoryWalkerTestCase.testCancel(),org.apache.commons.io.DirectoryWalker.CancelException.getDepth(),org.apache.commons.io.DirectoryWalker.CancelException.getDepth(),org.apache.commons.io.DirectoryWalker.CancelException.getDepth(),#test-code #test-case-method,#main-code,1,1,,,
commons-io,testCancel,TestCancelWalker,https://github.com/apache/commons-io/blob/4077158829de92987367d3149e4ba71356bb5390/src/test/java/org/apache/commons/io/DirectoryWalkerTestCase.java#L281,https://github.com/apache/commons-io/blob/4077158829de92987367d3149e4ba71356bb5390/src/test/java/org/apache/commons/io/DirectoryWalkerTestCase.java#L443,org.apache.commons.io.DirectoryWalkerTestCase.testCancel(),org.apache.commons.io.DirectoryWalkerTestCase.testCancel(),org.apache.commons.io.DirectoryWalkerTestCase.testCancel(),"org.apache.commons.io.DirectoryWalkerTestCase.TestCancelWalker.TestCancelWalker(java.lang.String, boolean)","org.apache.commons.io.DirectoryWalkerTestCase.TestCancelWalker.TestCancelWalker(String, boolean)","org.apache.commons.io.DirectoryWalkerTestCase.TestCancelWalker.TestCancelWalker(String, boolean)",#test-code #test-case-method,#test-code #test-helper-method,1,1,,,
commons-io,testCancel,find,https://github.com/apache/commons-io/blob/4077158829de92987367d3149e4ba71356bb5390/src/test/java/org/apache/commons/io/DirectoryWalkerTestCase.java#L281,https://github.com/apache/commons-io/blob/4077158829de92987367d3149e4ba71356bb5390/src/test/java/org/apache/commons/io/DirectoryWalkerTestCase.java#L450,org.apache.commons.io.DirectoryWalkerTestCase.testCancel(),org.apache.commons.io.DirectoryWalkerTestCase.testCancel(),org.apache.commons.io.DirectoryWalkerTestCase.testCancel(),org.apache.commons.io.DirectoryWalkerTestCase.TestCancelWalker.find(java.io.File),org.apache.commons.io.DirectoryWalkerTestCase.TestCancelWalker.find(File),org.apache.commons.io.DirectoryWalkerTestCase.TestCancelWalker.find(File),#test-code #test-case-method,#test-code #test-helper-method,1,1,,,
commons-io,testMissingStartDirectory,walk,https://github.com/apache/commons-io/blob/4077158829de92987367d3149e4ba71356bb5390/src/test/java/org/apache/commons/io/DirectoryWalkerTestCase.java#L195,https://github.com/apache/commons-io/blob/4077158829de92987367d3149e4ba71356bb5390/src/main/java/org/apache/commons/io/DirectoryWalker.java#L329,org.apache.commons.io.DirectoryWalkerTestCase.testMissingStartDirectory(),org.apache.commons.io.DirectoryWalkerTestCase.testMissingStartDirectory(),org.apache.commons.io.DirectoryWalkerTestCase.testMissingStartDirectory(),"org.apache.commons.io.DirectoryWalker.walk(java.io.File, java.util.Collection<T>)","org.apache.commons.io.DirectoryWalker.walk(File, Collection)","org.apache.commons.io.DirectoryWalker.walk(File, Collection)",#test-code #test-case-method,#main-code,2,1,1,,
commons-io,testMissingStartDirectory,TestFileFinder,https://github.com/apache/commons-io/blob/4077158829de92987367d3149e4ba71356bb5390/src/test/java/org/apache/commons/io/DirectoryWalkerTestCase.java#L195,https://github.com/apache/commons-io/blob/4077158829de92987367d3149e4ba71356bb5390/src/test/java/org/apache/commons/io/DirectoryWalkerTestCase.java#L382,org.apache.commons.io.DirectoryWalkerTestCase.testMissingStartDirectory(),org.apache.commons.io.DirectoryWalkerTestCase.testMissingStartDirectory(),org.apache.commons.io.DirectoryWalkerTestCase.testMissingStartDirectory(),"org.apache.commons.io.DirectoryWalkerTestCase.TestFileFinder.TestFileFinder(java.io.FileFilter, int)","org.apache.commons.io.DirectoryWalkerTestCase.TestFileFinder.TestFileFinder(FileFilter, int)","org.apache.commons.io.DirectoryWalkerTestCase.TestFileFinder.TestFileFinder(null, int)",#test-code #test-case-method,#test-code #test-helper-method,1,1,,,
commons-io,testMissingStartDirectory,find,https://github.com/apache/commons-io/blob/4077158829de92987367d3149e4ba71356bb5390/src/test/java/org/apache/commons/io/DirectoryWalkerTestCase.java#L195,https://github.com/apache/commons-io/blob/4077158829de92987367d3149e4ba71356bb5390/src/test/java/org/apache/commons/io/DirectoryWalkerTestCase.java#L391,org.apache.commons.io.DirectoryWalkerTestCase.testMissingStartDirectory(),org.apache.commons.io.DirectoryWalkerTestCase.testMissingStartDirectory(),org.apache.commons.io.DirectoryWalkerTestCase.testMissingStartDirectory(),org.apache.commons.io.DirectoryWalkerTestCase.TestFileFinder.find(java.io.File),org.apache.commons.io.DirectoryWalkerTestCase.TestFileFinder.find(File),org.apache.commons.io.DirectoryWalkerTestCase.TestFileFinder.find(File),#test-code #test-case-method,#test-code #test-helper-method,1,1,,,
commons-io,testMoveDirectory_Errors,moveDirectory,https://github.com/apache/commons-io/blob/4077158829de92987367d3149e4ba71356bb5390/src/test/java/org/apache/commons/io/FileUtilsTestCase.java#L2803,https://github.com/apache/commons-io/blob/4077158829de92987367d3149e4ba71356bb5390/src/main/java/org/apache/commons/io/FileUtils.java#L2894,org.apache.commons.io.FileUtilsTestCase.testMoveDirectory_Errors(),org.apache.commons.io.FileUtilsTestCase.testMoveDirectory_Errors(),org.apache.commons.io.FileUtilsTestCase.testMoveDirectory_Errors(),"org.apache.commons.io.FileUtils.moveDirectory(java.io.File, java.io.File)","org.apache.commons.io.FileUtils.moveDirectory(File, File)","org.apache.commons.io.FileUtils.moveDirectory(File, File)",#test-code #test-case-method,#main-code,1,1,1,,
commons-io,testMoveDirectory_Errors,getTestDirectory,https://github.com/apache/commons-io/blob/4077158829de92987367d3149e4ba71356bb5390/src/test/java/org/apache/commons/io/FileUtilsTestCase.java#L2803,https://github.com/apache/commons-io/blob/4077158829de92987367d3149e4ba71356bb5390/src/test/java/org/apache/commons/io/testtools/FileBasedTestCase.java#L29,org.apache.commons.io.FileUtilsTestCase.testMoveDirectory_Errors(),org.apache.commons.io.FileUtilsTestCase.testMoveDirectory_Errors(),org.apache.commons.io.FileUtilsTestCase.testMoveDirectory_Errors(),org.apache.commons.io.testtools.FileBasedTestCase.getTestDirectory(),org.apache.commons.io.testtools.FileBasedTestCase.getTestDirectory(),org.apache.commons.io.testtools.FileBasedTestCase.getTestDirectory(),#test-code #test-case-method,#test-code #test-helper-method,1,1,,,
commons-io,testMoveDirectory_Errors,closeQuietly,https://github.com/apache/commons-io/blob/4077158829de92987367d3149e4ba71356bb5390/src/test/java/org/apache/commons/io/FileUtilsTestCase.java#L2803,https://github.com/apache/commons-io/blob/4077158829de92987367d3149e4ba71356bb5390/src/main/java/org/apache/commons/io/IOUtils.java#L297,org.apache.commons.io.FileUtilsTestCase.testMoveDirectory_Errors(),org.apache.commons.io.FileUtilsTestCase.testMoveDirectory_Errors(),org.apache.commons.io.FileUtilsTestCase.testMoveDirectory_Errors(),org.apache.commons.io.IOUtils.closeQuietly(java.io.OutputStream),org.apache.commons.io.IOUtils.closeQuietly(OutputStream),org.apache.commons.io.IOUtils.closeQuietly(BufferedOutputStream),#test-code #test-case-method,#main-code,1,1,,,
commons-io,testMoveDirectory_Errors,generateTestData,https://github.com/apache/commons-io/blob/4077158829de92987367d3149e4ba71356bb5390/src/test/java/org/apache/commons/io/FileUtilsTestCase.java#L2803,https://github.com/apache/commons-io/blob/4077158829de92987367d3149e4ba71356bb5390/src/test/java/org/apache/commons/io/testtools/TestUtils.java#L64,org.apache.commons.io.FileUtilsTestCase.testMoveDirectory_Errors(),org.apache.commons.io.FileUtilsTestCase.testMoveDirectory_Errors(),org.apache.commons.io.FileUtilsTestCase.testMoveDirectory_Errors(),"org.apache.commons.io.testtools.TestUtils.generateTestData(java.io.OutputStream, long)","org.apache.commons.io.testtools.TestUtils.generateTestData(OutputStream, long)","org.apache.commons.io.testtools.TestUtils.generateTestData(BufferedOutputStream, long)",#test-code #test-case-method,#test-code #test-helper-method,1,1,,,
commons-io,testMoveFileToDirectory_Errors,moveFileToDirectory,https://github.com/apache/commons-io/blob/4077158829de92987367d3149e4ba71356bb5390/src/test/java/org/apache/commons/io/FileUtilsTestCase.java#L2673,https://github.com/apache/commons-io/blob/4077158829de92987367d3149e4ba71356bb5390/src/main/java/org/apache/commons/io/FileUtils.java#L3015,org.apache.commons.io.FileUtilsTestCase.testMoveFileToDirectory_Errors(),org.apache.commons.io.FileUtilsTestCase.testMoveFileToDirectory_Errors(),org.apache.commons.io.FileUtilsTestCase.testMoveFileToDirectory_Errors(),"org.apache.commons.io.FileUtils.moveFileToDirectory(java.io.File, java.io.File, boolean)","org.apache.commons.io.FileUtils.moveFileToDirectory(File, File, boolean)","org.apache.commons.io.FileUtils.moveFileToDirectory(File, File, boolean)",#test-code #test-case-method,#main-code,1,1,1,,
commons-io,testMoveFileToDirectory_Errors,getTestDirectory,https://github.com/apache/commons-io/blob/4077158829de92987367d3149e4ba71356bb5390/src/test/java/org/apache/commons/io/FileUtilsTestCase.java#L2673,https://github.com/apache/commons-io/blob/4077158829de92987367d3149e4ba71356bb5390/src/test/java/org/apache/commons/io/testtools/FileBasedTestCase.java#L29,org.apache.commons.io.FileUtilsTestCase.testMoveFileToDirectory_Errors(),org.apache.commons.io.FileUtilsTestCase.testMoveFileToDirectory_Errors(),org.apache.commons.io.FileUtilsTestCase.testMoveFileToDirectory_Errors(),org.apache.commons.io.testtools.FileBasedTestCase.getTestDirectory(),org.apache.commons.io.testtools.FileBasedTestCase.getTestDirectory(),org.apache.commons.io.testtools.FileBasedTestCase.getTestDirectory(),#test-code #test-case-method,#test-code #test-helper-method,1,1,,,
commons-io,testMoveFileToDirectory_Errors,closeQuietly,https://github.com/apache/commons-io/blob/4077158829de92987367d3149e4ba71356bb5390/src/test/java/org/apache/commons/io/FileUtilsTestCase.java#L2673,https://github.com/apache/commons-io/blob/4077158829de92987367d3149e4ba71356bb5390/src/main/java/org/apache/commons/io/IOUtils.java#L297,org.apache.commons.io.FileUtilsTestCase.testMoveFileToDirectory_Errors(),org.apache.commons.io.FileUtilsTestCase.testMoveFileToDirectory_Errors(),org.apache.commons.io.FileUtilsTestCase.testMoveFileToDirectory_Errors(),org.apache.commons.io.IOUtils.closeQuietly(java.io.OutputStream),org.apache.commons.io.IOUtils.closeQuietly(OutputStream),org.apache.commons.io.IOUtils.closeQuietly(BufferedOutputStream),#test-code #test-case-method,#main-code,1,1,,,
commons-io,testMoveFileToDirectory_Errors,generateTestData,https://github.com/apache/commons-io/blob/4077158829de92987367d3149e4ba71356bb5390/src/test/java/org/apache/commons/io/FileUtilsTestCase.java#L2673,https://github.com/apache/commons-io/blob/4077158829de92987367d3149e4ba71356bb5390/src/test/java/org/apache/commons/io/testtools/TestUtils.java#L64,org.apache.commons.io.FileUtilsTestCase.testMoveFileToDirectory_Errors(),org.apache.commons.io.FileUtilsTestCase.testMoveFileToDirectory_Errors(),org.apache.commons.io.FileUtilsTestCase.testMoveFileToDirectory_Errors(),"org.apache.commons.io.testtools.TestUtils.generateTestData(java.io.OutputStream, long)","org.apache.commons.io.testtools.TestUtils.generateTestData(OutputStream, long)","org.apache.commons.io.testtools.TestUtils.generateTestData(BufferedOutputStream, long)",#test-code #test-case-method,#test-code #test-helper-method,1,1,,,
commons-io,testTaggedIOException,TaggedIOException,https://github.com/apache/commons-io/blob/4077158829de92987367d3149e4ba71356bb5390/src/test/java/org/apache/commons/io/TaggedIOExceptionTest.java#L36,https://github.com/apache/commons-io/blob/4077158829de92987367d3149e4ba71356bb5390/src/main/java/org/apache/commons/io/TaggedIOException.java#L111,org.apache.commons.io.TaggedIOExceptionTest.testTaggedIOException(),org.apache.commons.io.TaggedIOExceptionTest.testTaggedIOException(),org.apache.commons.io.TaggedIOExceptionTest.testTaggedIOException(),"org.apache.commons.io.TaggedIOException.TaggedIOException(java.io.IOException, java.io.Serializable)","org.apache.commons.io.TaggedIOException.TaggedIOException(IOException, Serializable)","org.apache.commons.io.TaggedIOException.TaggedIOException(IOException, Serializable)",#test-code #test-case-method,#main-code,1,1,1,,
commons-io,testTaggedIOException,isTaggedWith,https://github.com/apache/commons-io/blob/4077158829de92987367d3149e4ba71356bb5390/src/test/java/org/apache/commons/io/TaggedIOExceptionTest.java#L36,https://github.com/apache/commons-io/blob/4077158829de92987367d3149e4ba71356bb5390/src/main/java/org/apache/commons/io/TaggedIOException.java#L65,org.apache.commons.io.TaggedIOExceptionTest.testTaggedIOException(),org.apache.commons.io.TaggedIOExceptionTest.testTaggedIOException(),org.apache.commons.io.TaggedIOExceptionTest.testTaggedIOException(),"org.apache.commons.io.TaggedIOException.isTaggedWith(java.lang.Throwable, java.lang.Object)","org.apache.commons.io.TaggedIOException.isTaggedWith(Throwable, Object)","org.apache.commons.io.TaggedIOException.isTaggedWith(Throwable, Object)",#test-code #test-case-method,#main-code,1,1,1,,
commons-io,testTaggedIOException,getCause,https://github.com/apache/commons-io/blob/4077158829de92987367d3149e4ba71356bb5390/src/test/java/org/apache/commons/io/TaggedIOExceptionTest.java#L36,https://github.com/apache/commons-io/blob/4077158829de92987367d3149e4ba71356bb5390/src/main/java/org/apache/commons/io/TaggedIOException.java#L132,org.apache.commons.io.TaggedIOExceptionTest.testTaggedIOException(),org.apache.commons.io.TaggedIOExceptionTest.testTaggedIOException(),org.apache.commons.io.TaggedIOExceptionTest.testTaggedIOException(),org.apache.commons.io.TaggedIOException.getCause(),org.apache.commons.io.TaggedIOException.getCause(),org.apache.commons.io.TaggedIOException.getCause(),#test-code #test-case-method,#main-code,1,1,,,
commons-io,test_serialization,values,https://github.com/apache/commons-io/blob/4077158829de92987367d3149e4ba71356bb5390/src/test/java/org/apache/commons/io/IOCaseTestCase.java#L60,,org.apache.commons.io.IOCaseTestCase.test_serialization(),org.apache.commons.io.IOCaseTestCase.test_serialization(),org.apache.commons.io.IOCaseTestCase.test_serialization(),,org.apache.commons.io.IOCase.values(),org.apache.commons.io.IOCase.values(),#test-code #test-case-method,,,0,1,,
commons-io,test_serialization,serialize,https://github.com/apache/commons-io/blob/4077158829de92987367d3149e4ba71356bb5390/src/test/java/org/apache/commons/io/IOCaseTestCase.java#L60,https://github.com/apache/commons-io/blob/4077158829de92987367d3149e4ba71356bb5390/src/test/java/org/apache/commons/io/IOCaseTestCase.java#L371,org.apache.commons.io.IOCaseTestCase.test_serialization(),org.apache.commons.io.IOCaseTestCase.test_serialization(),org.apache.commons.io.IOCaseTestCase.test_serialization(),org.apache.commons.io.IOCaseTestCase.serialize(org.apache.commons.io.IOCase),org.apache.commons.io.IOCaseTestCase.serialize(IOCase),org.apache.commons.io.IOCaseTestCase.serialize(IOCase),#test-code #test-case-method,#test-code #test-helper-method,1,1,,,
commons-io,testCopyLarge_NoSkip,copyLarge,https://github.com/apache/commons-io/blob/4077158829de92987367d3149e4ba71356bb5390/src/test/java/org/apache/commons/io/IOUtilsTestCase.java#L535,https://github.com/apache/commons-io/blob/4077158829de92987367d3149e4ba71356bb5390/src/main/java/org/apache/commons/io/IOUtils.java#L2177,org.apache.commons.io.IOUtilsTestCase.testCopyLarge_NoSkip(),org.apache.commons.io.IOUtilsTestCase.testCopyLarge_NoSkip(),org.apache.commons.io.IOUtilsTestCase.testCopyLarge_NoSkip(),"org.apache.commons.io.IOUtils.copyLarge(java.io.InputStream, java.io.OutputStream, long, long)","org.apache.commons.io.IOUtils.copyLarge(InputStream, OutputStream, long, long)","org.apache.commons.io.IOUtils.copyLarge(InputStream, OutputStream, long, long)",#test-code #test-case-method,#main-code,1,1,1,,
commons-io,testCopyLarge_NoSkip,closeQuietly,https://github.com/apache/commons-io/blob/4077158829de92987367d3149e4ba71356bb5390/src/test/java/org/apache/commons/io/IOUtilsTestCase.java#L535,https://github.com/apache/commons-io/blob/4077158829de92987367d3149e4ba71356bb5390/src/main/java/org/apache/commons/io/IOUtils.java#L269,org.apache.commons.io.IOUtilsTestCase.testCopyLarge_NoSkip(),org.apache.commons.io.IOUtilsTestCase.testCopyLarge_NoSkip(),org.apache.commons.io.IOUtilsTestCase.testCopyLarge_NoSkip(),org.apache.commons.io.IOUtils.closeQuietly(java.io.InputStream),org.apache.commons.io.IOUtils.closeQuietly(InputStream),org.apache.commons.io.IOUtils.closeQuietly(ByteArrayInputStream),#test-code #test-case-method,#main-code,1,1,,,
commons-io,testCopyLarge_NoSkip,closeQuietly,https://github.com/apache/commons-io/blob/4077158829de92987367d3149e4ba71356bb5390/src/test/java/org/apache/commons/io/IOUtilsTestCase.java#L535,https://github.com/apache/commons-io/blob/4077158829de92987367d3149e4ba71356bb5390/src/main/java/org/apache/commons/io/IOUtils.java#L297,org.apache.commons.io.IOUtilsTestCase.testCopyLarge_NoSkip(),org.apache.commons.io.IOUtilsTestCase.testCopyLarge_NoSkip(),org.apache.commons.io.IOUtilsTestCase.testCopyLarge_NoSkip(),org.apache.commons.io.IOUtils.closeQuietly(java.io.OutputStream),org.apache.commons.io.IOUtils.closeQuietly(OutputStream),org.apache.commons.io.IOUtils.closeQuietly(ByteArrayOutputStream),#test-code #test-case-method,#main-code,1,1,,,
commons-io,testSortListNull,sort,https://github.com/apache/commons-io/blob/4077158829de92987367d3149e4ba71356bb5390/src/test/java/org/apache/commons/io/comparator/ComparatorAbstractTestCase.java#L133,https://github.com/apache/commons-io/blob/4077158829de92987367d3149e4ba71356bb5390/src/main/java/org/apache/commons/io/comparator/AbstractFileComparator.java#L60,org.apache.commons.io.comparator.ComparatorAbstractTestCase.testSortListNull(),org.apache.commons.io.comparator.ComparatorAbstractTestCase.testSortListNull(),org.apache.commons.io.comparator.ComparatorAbstractTestCase.testSortListNull(),org.apache.commons.io.comparator.AbstractFileComparator.sort(java.util.List<java.io.File>),org.apache.commons.io.comparator.AbstractFileComparator.sort(List),org.apache.commons.io.comparator.AbstractFileComparator.sort(List),#test-code #test-case-method,#main-code,1,1,1,,
commons-io,testLatin7Encoding,detectEncoding,https://github.com/apache/commons-io/blob/4077158829de92987367d3149e4ba71356bb5390/src/test/java/org/apache/commons/io/output/XmlStreamWriterTest.java#L132,https://github.com/apache/commons-io/blob/4077158829de92987367d3149e4ba71356bb5390/src/main/java/org/apache/commons/io/output/XmlStreamWriter.java#L153,org.apache.commons.io.output.XmlStreamWriterTest.testLatin7Encoding(),org.apache.commons.io.output.XmlStreamWriterTest.testLatin7Encoding(),org.apache.commons.io.output.XmlStreamWriterTest.testLatin7Encoding(),"org.apache.commons.io.output.XmlStreamWriter.detectEncoding(char[], int, int)","org.apache.commons.io.output.XmlStreamWriter.detectEncoding(char[], int, int)","org.apache.commons.io.output.XmlStreamWriter.detectEncoding(char[], int, int)",#test-code #test-case-method,#main-code,,0,1,,
commons-io,testLatin7Encoding,checkXmlWriter,https://github.com/apache/commons-io/blob/4077158829de92987367d3149e4ba71356bb5390/src/test/java/org/apache/commons/io/output/XmlStreamWriterTest.java#L132,https://github.com/apache/commons-io/blob/4077158829de92987367d3149e4ba71356bb5390/src/test/java/org/apache/commons/io/output/XmlStreamWriterTest.java#L64,org.apache.commons.io.output.XmlStreamWriterTest.testLatin7Encoding(),org.apache.commons.io.output.XmlStreamWriterTest.testLatin7Encoding(),org.apache.commons.io.output.XmlStreamWriterTest.testLatin7Encoding(),"org.apache.commons.io.output.XmlStreamWriterTest.checkXmlWriter(java.lang.String, java.lang.String)","org.apache.commons.io.output.XmlStreamWriterTest.checkXmlWriter(String, String)","org.apache.commons.io.output.XmlStreamWriterTest.checkXmlWriter(String, String)",#test-code #test-case-method,#test-code #test-helper-method,1,1,,,
commons-io,testLatin7Encoding,getEncoding,https://github.com/apache/commons-io/blob/4077158829de92987367d3149e4ba71356bb5390/src/test/java/org/apache/commons/io/output/XmlStreamWriterTest.java#L132,https://github.com/apache/commons-io/blob/4077158829de92987367d3149e4ba71356bb5390/src/main/java/org/apache/commons/io/output/XmlStreamWriter.java#L105,org.apache.commons.io.output.XmlStreamWriterTest.testLatin7Encoding(),org.apache.commons.io.output.XmlStreamWriterTest.testLatin7Encoding(),org.apache.commons.io.output.XmlStreamWriterTest.testLatin7Encoding(),org.apache.commons.io.output.XmlStreamWriter.getEncoding(),org.apache.commons.io.output.XmlStreamWriter.getEncoding(),org.apache.commons.io.output.XmlStreamWriter.getEncoding(),#test-code #test-case-method,#main-code,4,1,,,
commons-io,testLatin7Encoding,close,https://github.com/apache/commons-io/blob/4077158829de92987367d3149e4ba71356bb5390/src/test/java/org/apache/commons/io/output/XmlStreamWriterTest.java#L132,https://github.com/apache/commons-io/blob/4077158829de92987367d3149e4ba71356bb5390/src/main/java/org/apache/commons/io/output/XmlStreamWriter.java#L124,org.apache.commons.io.output.XmlStreamWriterTest.testLatin7Encoding(),org.apache.commons.io.output.XmlStreamWriterTest.testLatin7Encoding(),org.apache.commons.io.output.XmlStreamWriterTest.testLatin7Encoding(),org.apache.commons.io.output.XmlStreamWriter.close(),org.apache.commons.io.output.XmlStreamWriter.close(),org.apache.commons.io.output.XmlStreamWriter.close(),#test-code #test-case-method,#main-code,4,1,,,
commons-io,testLatin7Encoding,XmlStreamWriter,https://github.com/apache/commons-io/blob/4077158829de92987367d3149e4ba71356bb5390/src/test/java/org/apache/commons/io/output/XmlStreamWriterTest.java#L132,https://github.com/apache/commons-io/blob/4077158829de92987367d3149e4ba71356bb5390/src/main/java/org/apache/commons/io/output/XmlStreamWriter.java#L70,org.apache.commons.io.output.XmlStreamWriterTest.testLatin7Encoding(),org.apache.commons.io.output.XmlStreamWriterTest.testLatin7Encoding(),org.apache.commons.io.output.XmlStreamWriterTest.testLatin7Encoding(),"org.apache.commons.io.output.XmlStreamWriter.XmlStreamWriter(java.io.OutputStream, java.lang.String)","org.apache.commons.io.output.XmlStreamWriter.XmlStreamWriter(OutputStream, String)","org.apache.commons.io.output.XmlStreamWriter.XmlStreamWriter(ByteArrayOutputStream, String)",#test-code #test-case-method,#main-code,4,1,,,
commons-io,testLatin7Encoding,checkXmlWriter,https://github.com/apache/commons-io/blob/4077158829de92987367d3149e4ba71356bb5390/src/test/java/org/apache/commons/io/output/XmlStreamWriterTest.java#L132,https://github.com/apache/commons-io/blob/4077158829de92987367d3149e4ba71356bb5390/src/test/java/org/apache/commons/io/output/XmlStreamWriterTest.java#L69,org.apache.commons.io.output.XmlStreamWriterTest.testLatin7Encoding(),org.apache.commons.io.output.XmlStreamWriterTest.testLatin7Encoding(),org.apache.commons.io.output.XmlStreamWriterTest.testLatin7Encoding(),"org.apache.commons.io.output.XmlStreamWriterTest.checkXmlWriter(java.lang.String, java.lang.String, java.lang.String)","org.apache.commons.io.output.XmlStreamWriterTest.checkXmlWriter(String, String, String)","org.apache.commons.io.output.XmlStreamWriterTest.checkXmlWriter(String, String, null)",#test-code #test-case-method,#test-code #test-helper-method,2,1,,,
commons-io,testLatin7Encoding,checkXmlContent,https://github.com/apache/commons-io/blob/4077158829de92987367d3149e4ba71356bb5390/src/test/java/org/apache/commons/io/output/XmlStreamWriterTest.java#L132,https://github.com/apache/commons-io/blob/4077158829de92987367d3149e4ba71356bb5390/src/test/java/org/apache/commons/io/output/XmlStreamWriterTest.java#L52,org.apache.commons.io.output.XmlStreamWriterTest.testLatin7Encoding(),org.apache.commons.io.output.XmlStreamWriterTest.testLatin7Encoding(),org.apache.commons.io.output.XmlStreamWriterTest.testLatin7Encoding(),"org.apache.commons.io.output.XmlStreamWriterTest.checkXmlContent(java.lang.String, java.lang.String, java.lang.String)","org.apache.commons.io.output.XmlStreamWriterTest.checkXmlContent(String, String, String)","org.apache.commons.io.output.XmlStreamWriterTest.checkXmlContent(String, String, String)",#test-code #test-case-method,#test-code #test-helper-method,3,1,,,
commons-io,testLatin7Encoding,createXmlContent,https://github.com/apache/commons-io/blob/4077158829de92987367d3149e4ba71356bb5390/src/test/java/org/apache/commons/io/output/XmlStreamWriterTest.java#L132,https://github.com/apache/commons-io/blob/4077158829de92987367d3149e4ba71356bb5390/src/test/java/org/apache/commons/io/output/XmlStreamWriterTest.java#L44,org.apache.commons.io.output.XmlStreamWriterTest.testLatin7Encoding(),org.apache.commons.io.output.XmlStreamWriterTest.testLatin7Encoding(),org.apache.commons.io.output.XmlStreamWriterTest.testLatin7Encoding(),"org.apache.commons.io.output.XmlStreamWriterTest.createXmlContent(java.lang.String, java.lang.String)","org.apache.commons.io.output.XmlStreamWriterTest.createXmlContent(String, String)","org.apache.commons.io.output.XmlStreamWriterTest.createXmlContent(String, String)",#test-code #test-case-method,#test-code #test-helper-method,3,1,,,
commons-io,testUTF16BEEncoding,detectEncoding,https://github.com/apache/commons-io/blob/4077158829de92987367d3149e4ba71356bb5390/src/test/java/org/apache/commons/io/output/XmlStreamWriterTest.java#L117,https://github.com/apache/commons-io/blob/4077158829de92987367d3149e4ba71356bb5390/src/main/java/org/apache/commons/io/output/XmlStreamWriter.java#L153,org.apache.commons.io.output.XmlStreamWriterTest.testUTF16BEEncoding(),org.apache.commons.io.output.XmlStreamWriterTest.testUTF16BEEncoding(),org.apache.commons.io.output.XmlStreamWriterTest.testUTF16BEEncoding(),"org.apache.commons.io.output.XmlStreamWriter.detectEncoding(char[], int, int)","org.apache.commons.io.output.XmlStreamWriter.detectEncoding(char[], int, int)","org.apache.commons.io.output.XmlStreamWriter.detectEncoding(char[], int, int)",#test-code #test-case-method,#main-code,,0,1,,
commons-io,testUTF16BEEncoding,checkXmlWriter,https://github.com/apache/commons-io/blob/4077158829de92987367d3149e4ba71356bb5390/src/test/java/org/apache/commons/io/output/XmlStreamWriterTest.java#L117,https://github.com/apache/commons-io/blob/4077158829de92987367d3149e4ba71356bb5390/src/test/java/org/apache/commons/io/output/XmlStreamWriterTest.java#L64,org.apache.commons.io.output.XmlStreamWriterTest.testUTF16BEEncoding(),org.apache.commons.io.output.XmlStreamWriterTest.testUTF16BEEncoding(),org.apache.commons.io.output.XmlStreamWriterTest.testUTF16BEEncoding(),"org.apache.commons.io.output.XmlStreamWriterTest.checkXmlWriter(java.lang.String, java.lang.String)","org.apache.commons.io.output.XmlStreamWriterTest.checkXmlWriter(String, String)","org.apache.commons.io.output.XmlStreamWriterTest.checkXmlWriter(String, String)",#test-code #test-case-method,#test-code #test-helper-method,1,1,,,
commons-io,testUTF16BEEncoding,getEncoding,https://github.com/apache/commons-io/blob/4077158829de92987367d3149e4ba71356bb5390/src/test/java/org/apache/commons/io/output/XmlStreamWriterTest.java#L117,https://github.com/apache/commons-io/blob/4077158829de92987367d3149e4ba71356bb5390/src/main/java/org/apache/commons/io/output/XmlStreamWriter.java#L105,org.apache.commons.io.output.XmlStreamWriterTest.testUTF16BEEncoding(),org.apache.commons.io.output.XmlStreamWriterTest.testUTF16BEEncoding(),org.apache.commons.io.output.XmlStreamWriterTest.testUTF16BEEncoding(),org.apache.commons.io.output.XmlStreamWriter.getEncoding(),org.apache.commons.io.output.XmlStreamWriter.getEncoding(),org.apache.commons.io.output.XmlStreamWriter.getEncoding(),#test-code #test-case-method,#main-code,4,1,,,
commons-io,testUTF16BEEncoding,close,https://github.com/apache/commons-io/blob/4077158829de92987367d3149e4ba71356bb5390/src/test/java/org/apache/commons/io/output/XmlStreamWriterTest.java#L117,https://github.com/apache/commons-io/blob/4077158829de92987367d3149e4ba71356bb5390/src/main/java/org/apache/commons/io/output/XmlStreamWriter.java#L124,org.apache.commons.io.output.XmlStreamWriterTest.testUTF16BEEncoding(),org.apache.commons.io.output.XmlStreamWriterTest.testUTF16BEEncoding(),org.apache.commons.io.output.XmlStreamWriterTest.testUTF16BEEncoding(),org.apache.commons.io.output.XmlStreamWriter.close(),org.apache.commons.io.output.XmlStreamWriter.close(),org.apache.commons.io.output.XmlStreamWriter.close(),#test-code #test-case-method,#main-code,4,1,,,
commons-io,testUTF16BEEncoding,XmlStreamWriter,https://github.com/apache/commons-io/blob/4077158829de92987367d3149e4ba71356bb5390/src/test/java/org/apache/commons/io/output/XmlStreamWriterTest.java#L117,https://github.com/apache/commons-io/blob/4077158829de92987367d3149e4ba71356bb5390/src/main/java/org/apache/commons/io/output/XmlStreamWriter.java#L70,org.apache.commons.io.output.XmlStreamWriterTest.testUTF16BEEncoding(),org.apache.commons.io.output.XmlStreamWriterTest.testUTF16BEEncoding(),org.apache.commons.io.output.XmlStreamWriterTest.testUTF16BEEncoding(),"org.apache.commons.io.output.XmlStreamWriter.XmlStreamWriter(java.io.OutputStream, java.lang.String)","org.apache.commons.io.output.XmlStreamWriter.XmlStreamWriter(OutputStream, String)","org.apache.commons.io.output.XmlStreamWriter.XmlStreamWriter(ByteArrayOutputStream, String)",#test-code #test-case-method,#main-code,4,1,,,
commons-io,testUTF16BEEncoding,checkXmlWriter,https://github.com/apache/commons-io/blob/4077158829de92987367d3149e4ba71356bb5390/src/test/java/org/apache/commons/io/output/XmlStreamWriterTest.java#L117,https://github.com/apache/commons-io/blob/4077158829de92987367d3149e4ba71356bb5390/src/test/java/org/apache/commons/io/output/XmlStreamWriterTest.java#L69,org.apache.commons.io.output.XmlStreamWriterTest.testUTF16BEEncoding(),org.apache.commons.io.output.XmlStreamWriterTest.testUTF16BEEncoding(),org.apache.commons.io.output.XmlStreamWriterTest.testUTF16BEEncoding(),"org.apache.commons.io.output.XmlStreamWriterTest.checkXmlWriter(java.lang.String, java.lang.String, java.lang.String)","org.apache.commons.io.output.XmlStreamWriterTest.checkXmlWriter(String, String, String)","org.apache.commons.io.output.XmlStreamWriterTest.checkXmlWriter(String, String, null)",#test-code #test-case-method,#test-code #test-helper-method,2,1,,,
commons-io,testUTF16BEEncoding,checkXmlContent,https://github.com/apache/commons-io/blob/4077158829de92987367d3149e4ba71356bb5390/src/test/java/org/apache/commons/io/output/XmlStreamWriterTest.java#L117,https://github.com/apache/commons-io/blob/4077158829de92987367d3149e4ba71356bb5390/src/test/java/org/apache/commons/io/output/XmlStreamWriterTest.java#L52,org.apache.commons.io.output.XmlStreamWriterTest.testUTF16BEEncoding(),org.apache.commons.io.output.XmlStreamWriterTest.testUTF16BEEncoding(),org.apache.commons.io.output.XmlStreamWriterTest.testUTF16BEEncoding(),"org.apache.commons.io.output.XmlStreamWriterTest.checkXmlContent(java.lang.String, java.lang.String, java.lang.String)","org.apache.commons.io.output.XmlStreamWriterTest.checkXmlContent(String, String, String)","org.apache.commons.io.output.XmlStreamWriterTest.checkXmlContent(String, String, String)",#test-code #test-case-method,#test-code #test-helper-method,3,1,,,
commons-io,testUTF16BEEncoding,createXmlContent,https://github.com/apache/commons-io/blob/4077158829de92987367d3149e4ba71356bb5390/src/test/java/org/apache/commons/io/output/XmlStreamWriterTest.java#L117,https://github.com/apache/commons-io/blob/4077158829de92987367d3149e4ba71356bb5390/src/test/java/org/apache/commons/io/output/XmlStreamWriterTest.java#L44,org.apache.commons.io.output.XmlStreamWriterTest.testUTF16BEEncoding(),org.apache.commons.io.output.XmlStreamWriterTest.testUTF16BEEncoding(),org.apache.commons.io.output.XmlStreamWriterTest.testUTF16BEEncoding(),"org.apache.commons.io.output.XmlStreamWriterTest.createXmlContent(java.lang.String, java.lang.String)","org.apache.commons.io.output.XmlStreamWriterTest.createXmlContent(String, String)","org.apache.commons.io.output.XmlStreamWriterTest.createXmlContent(String, String)",#test-code #test-case-method,#test-code #test-helper-method,3,1,,,
commons-io,testTextXml,isTextXml,https://github.com/apache/commons-io/blob/4077158829de92987367d3149e4ba71356bb5390/src/test/java/org/apache/commons/io/input/XmlStreamReaderUtilitiesTest.java#L109,https://github.com/apache/commons-io/blob/4077158829de92987367d3149e4ba71356bb5390/src/main/java/org/apache/commons/io/input/XmlStreamReader.java#L775,org.apache.commons.io.input.XmlStreamReaderUtilitiesTest.testTextXml(),org.apache.commons.io.input.XmlStreamReaderUtilitiesTest.testTextXml(),org.apache.commons.io.input.XmlStreamReaderUtilitiesTest.testTextXml(),org.apache.commons.io.input.XmlStreamReader.isTextXml(java.lang.String),org.apache.commons.io.input.XmlStreamReader.isTextXml(String),org.apache.commons.io.input.XmlStreamReader.isTextXml(String),#test-code #test-case-method,#main-code,2,1,1,,
commons-io,testTextXml,checkTextXml,https://github.com/apache/commons-io/blob/4077158829de92987367d3149e4ba71356bb5390/src/test/java/org/apache/commons/io/input/XmlStreamReaderUtilitiesTest.java#L109,https://github.com/apache/commons-io/blob/4077158829de92987367d3149e4ba71356bb5390/src/test/java/org/apache/commons/io/input/XmlStreamReaderUtilitiesTest.java#L122,org.apache.commons.io.input.XmlStreamReaderUtilitiesTest.testTextXml(),org.apache.commons.io.input.XmlStreamReaderUtilitiesTest.testTextXml(),org.apache.commons.io.input.XmlStreamReaderUtilitiesTest.testTextXml(),"org.apache.commons.io.input.XmlStreamReaderUtilitiesTest.checkTextXml(boolean, java.lang.String)","org.apache.commons.io.input.XmlStreamReaderUtilitiesTest.checkTextXml(boolean, String)","org.apache.commons.io.input.XmlStreamReaderUtilitiesTest.checkTextXml(boolean, null)",#test-code #test-case-method,#test-code #test-helper-method,1,1,,,
